DATECOLLECTED,FINALRESULT,SAMPLELOCATIONSMASTER,daily_flow_rate_m3,SAMPLENO
7/03/2022,Detected,AU_Eastern,NA,22EV1591-001-0
9/03/2022,Detected,AU_Eastern,NA,22EV1671-001-0
11/03/2022,Detected,AU_Eastern,NA,22EV1761-001-0
14/03/2022,Detected,AU_Eastern,NA,22EV1766-001-0
16/03/2022,Detected,AU_Eastern,NA,22EV1859-001-0
21/03/2022,Detected,AU_Eastern,NA,22EV1925-001-0
22/03/2022,NA,AU_Eastern,3857.709893,NA
23/03/2022,Detected,AU_Eastern,4666.262635,22EV2017-001-0
24/03/2022,NA,AU_Eastern,2781.469599,NA
25/03/2022,NA,AU_Eastern,2147.990985,NA
26/03/2022,NA,AU_Eastern,2408.063875,NA
27/03/2022,NA,AU_Eastern,2095.846096,NA
28/03/2022,Detected,AU_Eastern,1250.648938,22EV2086-001-0
29/03/2022,NA,AU_Eastern,1978.945367,NA
30/03/2022,Detected,AU_Eastern,1903.789106,22EV2179-001-0
31/03/2022,NA,AU_Eastern,2574.536863,NA
1/04/2022,NA,AU_Eastern,1417.983676,NA
2/04/2022,NA,AU_Eastern,1795.04083,NA
3/04/2022,NA,AU_Eastern,1847.535088,NA
4/04/2022,Detected,AU_Eastern,1301.177636,22EV2271-001-0
5/04/2022,NA,AU_Eastern,1909.604605,NA
6/04/2022,Detected,AU_Eastern,1951.22713,22EV2339-001-0
7/04/2022,NA,AU_Eastern,1856.748723,NA
8/04/2022,NA,AU_Eastern,1770.617117,NA
9/04/2022,NA,AU_Eastern,1722.538003,NA
10/04/2022,NA,AU_Eastern,1668.840782,NA
11/04/2022,Detected,AU_Eastern,1652.287533,22EV2518-001-0
12/04/2022,NA,AU_Eastern,1721.140536,NA
13/04/2022,Detected,AU_Eastern,1832.452412,22EV2527-001-0
14/04/2022,NA,AU_Eastern,1971.711708,NA
15/04/2022,NA,AU_Eastern,1755.19543,NA
16/04/2022,NA,AU_Eastern,1592.352151,NA
17/04/2022,NA,AU_Eastern,1532.088907,NA
18/04/2022,Detected,AU_Eastern,1508.357666,22EV2591-001-0
19/04/2022,NA,AU_Eastern,1756.327652,NA
20/04/2022,Detected,AU_Eastern,2045.425199,22EV2640-001-0
21/04/2022,NA,AU_Eastern,1884.688726,NA
22/04/2022,NA,AU_Eastern,1869.21536,NA
23/04/2022,NA,AU_Eastern,1870.729268,NA
24/04/2022,NA,AU_Eastern,1701.575313,NA
25/04/2022,Detected,AU_Eastern,1925.719219,22EV2694-001-0
26/04/2022,NA,AU_Eastern,1817.097407,NA
27/04/2022,Detected,AU_Eastern,1793.152583,22EV2762-001-0
28/04/2022,NA,AU_Eastern,1743.166871,NA
29/04/2022,NA,AU_Eastern,1761.433594,NA
30/04/2022,NA,AU_Eastern,1743.430497,NA
1/05/2022,NA,AU_Eastern,1714.734142,NA
2/05/2022,Detected,AU_Eastern,1717.645486,22EV2882-001-0
3/05/2022,NA,AU_Eastern,1831.113171,NA
4/05/2022,NA,AU_Eastern,1781.955435,NA
5/05/2022,NA,AU_Eastern,1784.485097,NA
6/05/2022,NA,AU_Eastern,1780.662673,NA
7/05/2022,NA,AU_Eastern,1740.631658,NA
8/05/2022,NA,AU_Eastern,1678.484312,NA
9/05/2022,Detected,AU_Eastern,1658.433868,22EV2998-001-0
10/05/2022,NA,AU_Eastern,1803.313742,NA
11/05/2022,Detected,AU_Eastern,1884.394742,22EV3060-001-0
12/05/2022,NA,AU_Eastern,1775.074475,NA
13/05/2022,NA,AU_Eastern,1773.066062,NA
14/05/2022,NA,AU_Eastern,1730.215935,NA
15/05/2022,NA,AU_Eastern,1655.565928,NA
16/05/2022,Detected,AU_Eastern,1650.593939,22EV3159-001-0
17/05/2022,NA,AU_Eastern,1805.5563,NA
18/05/2022,Detected,AU_Eastern,1859.868467,22EV3212-001-0
19/05/2022,NA,AU_Eastern,1902.194716,NA
20/05/2022,NA,AU_Eastern,2338.100731,NA
21/05/2022,NA,AU_Eastern,2200.538265,NA
22/05/2022,NA,AU_Eastern,1896.162431,NA
23/05/2022,Detected,AU_Eastern,1817.484689,22EV3370-001-0
24/05/2022,NA,AU_Eastern,1850.329074,NA
25/05/2022,Detected,AU_Eastern,1795.538654,22EV3371-001-0
26/05/2022,NA,AU_Eastern,1796.494395,NA
27/05/2022,NA,AU_Eastern,1836.159986,NA
28/05/2022,NA,AU_Eastern,1766.942188,NA
29/05/2022,NA,AU_Eastern,1729.268695,NA
30/05/2022,Detected,AU_Eastern,2220.906438,22EV3498-001-0
31/05/2022,NA,AU_Eastern,3513.472477,NA
1/06/2022,Detected,AU_Eastern,3175.225421,22EV3520-001-0
2/06/2022,NA,AU_Eastern,2629.562791,NA
3/06/2022,NA,AU_Eastern,3071.419434,NA
4/06/2022,NA,AU_Eastern,3056.795318,NA
5/06/2022,NA,AU_Eastern,2250.581204,NA
6/06/2022,Detected,AU_Eastern,3069.619095,22EV3599-001-0
7/06/2022,NA,AU_Eastern,4629.976624,NA
8/06/2022,Detected,AU_Eastern,3157.241723,22EV3629-001-0
9/06/2022,NA,AU_Eastern,2634.877915,NA
10/06/2022,NA,AU_Eastern,2415.84978,NA
11/06/2022,NA,AU_Eastern,2636.951865,NA
12/06/2022,NA,AU_Eastern,3938.474843,NA
13/06/2022,Detected,AU_Eastern,4802.839876,22EV3737-001-0
14/06/2022,NA,AU_Eastern,4715.337086,NA
15/06/2022,Detected,AU_Eastern,3683.847216,22EV3784-001-0
16/06/2022,NA,AU_Eastern,3318.253577,NA
17/06/2022,NA,AU_Eastern,2867.427299,NA
18/06/2022,NA,AU_Eastern,2566.787483,NA
19/06/2022,NA,AU_Eastern,2953.157582,NA
20/06/2022,Detected,AU_Eastern,2927.202235,22EV3917-001-0
21/06/2022,NA,AU_Eastern,2601.596075,NA
22/06/2022,Detected,AU_Eastern,2409.223058,22EV3932-001-0
23/06/2022,NA,AU_Eastern,2311.531185,NA
24/06/2022,NA,AU_Eastern,2196.098455,NA
25/06/2022,NA,AU_Eastern,2994.289892,NA
26/06/2022,NA,AU_Eastern,2668.032121,NA
27/06/2022,NA,AU_Eastern,2394.18206,NA
28/06/2022,NA,AU_Eastern,2385.333159,NA
29/06/2022,Detected,AU_Eastern,2276.080482,22EV4059-001-0
30/06/2022,NA,AU_Eastern,3247.902344,NA
1/07/2022,NA,AU_Eastern,2622.040123,NA
2/07/2022,NA,AU_Eastern,2378.046076,NA
3/07/2022,NA,AU_Eastern,2227.562372,NA
4/07/2022,Detected,AU_Eastern,2129.561166,22EV4141-001-0
5/07/2022,NA,AU_Eastern,2133.176288,NA
6/07/2022,NA,AU_Eastern,4510.015539,NA
7/07/2022,NA,AU_Eastern,3899.786382,NA
8/07/2022,NA,AU_Eastern,4415.181719,NA
9/07/2022,NA,AU_Eastern,6266.177154,NA
10/07/2022,NA,AU_Eastern,4151.389597,NA
11/07/2022,Detected,AU_Eastern,2972.002027,22EV4392-001-0
12/07/2022,NA,AU_Eastern,4436.238819,NA
13/07/2022,Detected,AU_Eastern,6189.574939,22EV4395-001-0
14/07/2022,NA,AU_Eastern,4582.579215,NA
15/07/2022,NA,AU_Eastern,4937.525813,NA
16/07/2022,NA,AU_Eastern,4064.223527,NA
17/07/2022,NA,AU_Eastern,3417.397359,NA
18/07/2022,NA,AU_Eastern,3016.080514,NA
19/07/2022,NA,AU_Eastern,2917.120109,NA
20/07/2022,NA,AU_Eastern,3747.940518,NA
21/07/2022,NA,AU_Eastern,4530.85483,NA
22/07/2022,NA,AU_Eastern,3873.414365,NA
23/07/2022,NA,AU_Eastern,3109.30079,NA
24/07/2022,NA,AU_Eastern,2686.041464,NA
25/07/2022,Detected,AU_Eastern,3160.541667,22EV4636-001-0
26/07/2022,NA,AU_Eastern,5193.989735,NA
27/07/2022,Detected,AU_Eastern,5289.455834,22EV4684-001-0
28/07/2022,NA,AU_Eastern,4176.516403,NA
29/07/2022,NA,AU_Eastern,4145.823307,NA
30/07/2022,NA,AU_Eastern,3237.927482,NA
31/07/2022,NA,AU_Eastern,2863.242079,NA
1/08/2022,Detected,AU_Eastern,3118.134311,22EV4771-001-0
2/08/2022,NA,AU_Eastern,2712.907963,NA
3/08/2022,Detected,AU_Eastern,2514.744589,22EV4881-001-0
4/08/2022,NA,AU_Eastern,2432.613355,NA
5/08/2022,NA,AU_Eastern,2336.293604,NA
6/08/2022,NA,AU_Eastern,2254.632224,NA
7/08/2022,NA,AU_Eastern,2134.164606,NA
8/08/2022,Detected,AU_Eastern,4192.258572,22EV4945-001-0
9/08/2022,NA,AU_Eastern,4043.657424,NA
10/08/2022,Detected,AU_Eastern,3907.91162,22EV5003-001-0
11/08/2022,NA,AU_Eastern,2995.502481,NA
12/08/2022,NA,AU_Eastern,2678.057592,NA
13/08/2022,NA,AU_Eastern,2476.199531,NA
14/08/2022,NA,AU_Eastern,2398.49066,NA
15/08/2022,NA,AU_Eastern,2215.00461,NA
16/08/2022,NA,AU_Eastern,2194.97774,NA
17/08/2022,Detected,AU_Eastern,2197.260334,22EV5152-001-0
18/08/2022,NA,AU_Eastern,2960.588082,NA
19/08/2022,NA,AU_Eastern,5928.345068,NA
20/08/2022,NA,AU_Eastern,4902.264931,NA
21/08/2022,NA,AU_Eastern,3572.913795,NA
22/08/2022,Detected,AU_Eastern,2947.2504,22EV5247-001-0
23/08/2022,NA,AU_Eastern,3045.91535,NA
24/08/2022,Detected,AU_Eastern,3028.556287,22EV5305-001-0
25/08/2022,NA,AU_Eastern,2599.30654,NA
26/08/2022,NA,AU_Eastern,4059.830897,NA
27/08/2022,NA,AU_Eastern,3808.704016,NA
28/08/2022,NA,AU_Eastern,2935.246667,NA
29/08/2022,NA,AU_Eastern,2591.568994,NA
30/08/2022,NA,AU_Eastern,2444.443289,NA
31/08/2022,NA,AU_Eastern,2372.665306,NA
1/09/2022,NA,AU_Eastern,2232.973798,NA
2/09/2022,NA,AU_Eastern,2142.194791,NA
5/09/2022,Detected,AU_Eastern,NA,22EV5541-001-0
7/09/2022,Detected,AU_Eastern,NA,22EV5612-001-0
12/09/2022,Detected,AU_Eastern,NA,22EV5690-001-0
14/09/2022,Detected,AU_Eastern,NA,22EV5759-001-0
19/09/2022,Detected,AU_Eastern,NA,22EV5831-001-0
21/09/2022,Detected,AU_Eastern,NA,22EV5879-001-0
28/09/2022,Detected,AU_Eastern,NA,22EV5995-001-0
3/10/2022,Detected,AU_Eastern,NA,22EV6078-001-0
5/10/2022,Detected,AU_Eastern,NA,22EV6146-001-0
7/03/2022,Detected,AU_SouthWestern,NA,22EV1590-001-0
9/03/2022,Detected,AU_SouthWestern,NA,22EV1670-001-0
11/03/2022,Detected,AU_SouthWestern,NA,22EV1760-001-0
14/03/2022,Detected,AU_SouthWestern,NA,22EV1765-001-0
16/03/2022,Detected,AU_SouthWestern,NA,22EV1858-001-0
21/03/2022,Detected,AU_SouthWestern,NA,22EV1924-001-0
22/03/2022,NA,AU_SouthWestern,665.730631,NA
23/03/2022,Detected,AU_SouthWestern,375.6476015,22EV2016-001-0
24/03/2022,NA,AU_SouthWestern,469.4442366,NA
25/03/2022,NA,AU_SouthWestern,374.9205941,NA
26/03/2022,NA,AU_SouthWestern,348.4759525,NA
27/03/2022,NA,AU_SouthWestern,330.9346065,NA
28/03/2022,Detected,AU_SouthWestern,317.8772566,22EV2085-001-0
29/03/2022,NA,AU_SouthWestern,304.6418562,NA
30/03/2022,Detected,AU_SouthWestern,322.7646281,22EV2178-001-0
31/03/2022,NA,AU_SouthWestern,764.6111687,NA
1/04/2022,NA,AU_SouthWestern,325.3634023,NA
2/04/2022,NA,AU_SouthWestern,310.8641905,NA
3/04/2022,NA,AU_SouthWestern,306.597857,NA
4/04/2022,Detected,AU_SouthWestern,302.6406649,22EV2270-001-0
5/04/2022,NA,AU_SouthWestern,302.2289084,NA
6/04/2022,Detected,AU_SouthWestern,318.9463023,22EV2338-001-0
7/04/2022,NA,AU_SouthWestern,338.4257202,NA
8/04/2022,NA,AU_SouthWestern,327.0641242,NA
9/04/2022,NA,AU_SouthWestern,316.6515831,NA
10/04/2022,NA,AU_SouthWestern,309.1808845,NA
11/04/2022,Detected,AU_SouthWestern,309.7244127,22EV2517-001-0
12/04/2022,NA,AU_SouthWestern,321.5771195,NA
13/04/2022,Detected,AU_SouthWestern,323.449031,22EV2526-001-0
14/04/2022,NA,AU_SouthWestern,328.8382732,NA
15/04/2022,NA,AU_SouthWestern,324.4131119,NA
16/04/2022,NA,AU_SouthWestern,301.6630585,NA
17/04/2022,NA,AU_SouthWestern,292.2348821,NA
18/04/2022,Detected,AU_SouthWestern,288.1180364,22EV2590-001-0
19/04/2022,NA,AU_SouthWestern,295.2554642,NA
20/04/2022,Detected,AU_SouthWestern,322.5248506,22EV2639-001-0
21/04/2022,NA,AU_SouthWestern,324.7233105,NA
22/04/2022,NA,AU_SouthWestern,324.384805,NA
23/04/2022,NA,AU_SouthWestern,311.9605085,NA
24/04/2022,NA,AU_SouthWestern,304.0310761,NA
25/04/2022,Detected,AU_SouthWestern,303.151266,22EV2696-001-0
26/04/2022,NA,AU_SouthWestern,315.7614579,NA
27/04/2022,Detected,AU_SouthWestern,328.5240749,22EV2761-001-0
28/04/2022,NA,AU_SouthWestern,316.9420866,NA
29/04/2022,NA,AU_SouthWestern,321.0832258,NA
30/04/2022,NA,AU_SouthWestern,312.074197,NA
1/05/2022,NA,AU_SouthWestern,304.3308538,NA
2/05/2022,Detected,AU_SouthWestern,303.9898789,22EV2881-001-0
3/05/2022,NA,AU_SouthWestern,332.245657,NA
4/05/2022,NA,AU_SouthWestern,361.9999588,NA
5/05/2022,NA,AU_SouthWestern,361.9999588,NA
6/05/2022,NA,AU_SouthWestern,361.9999588,NA
7/05/2022,NA,AU_SouthWestern,361.9999588,NA
8/05/2022,NA,AU_SouthWestern,361.9999588,NA
9/05/2022,Detected,AU_SouthWestern,361.9999588,22EV2997-001-0
10/05/2022,NA,AU_SouthWestern,361.9999588,NA
11/05/2022,Detected,AU_SouthWestern,361.9999588,22EV3059-001-0
12/05/2022,NA,AU_SouthWestern,361.9999588,NA
13/05/2022,NA,AU_SouthWestern,361.9999588,NA
14/05/2022,NA,AU_SouthWestern,361.9999588,NA
15/05/2022,NA,AU_SouthWestern,361.9999588,NA
16/05/2022,Detected,AU_SouthWestern,361.9999588,22EV3158-001-0
17/05/2022,NA,AU_SouthWestern,361.9999588,NA
18/05/2022,Detected,AU_SouthWestern,361.9999588,22EV3211-001-0
19/05/2022,NA,AU_SouthWestern,361.9999588,NA
20/05/2022,NA,AU_SouthWestern,361.9999588,NA
21/05/2022,NA,AU_SouthWestern,350.704722,NA
22/05/2022,NA,AU_SouthWestern,330.7685852,NA
23/05/2022,Detected,AU_SouthWestern,324.5518713,22EV3368-001-0
24/05/2022,NA,AU_SouthWestern,330.0766451,NA
25/05/2022,Detected,AU_SouthWestern,323.6554418,22EV3369-001-0
26/05/2022,NA,AU_SouthWestern,322.1175378,NA
27/05/2022,NA,AU_SouthWestern,320.6556846,NA
28/05/2022,NA,AU_SouthWestern,316.8996307,NA
29/05/2022,NA,AU_SouthWestern,297.5898858,NA
30/05/2022,Detected,AU_SouthWestern,313.9067741,22EV3497-001-0
31/05/2022,NA,AU_SouthWestern,653.841136,NA
1/06/2022,Detected,AU_SouthWestern,372.6421539,22EV3519-001-0
2/06/2022,NA,AU_SouthWestern,353.4121099,NA
3/06/2022,NA,AU_SouthWestern,409.5007911,NA
4/06/2022,NA,AU_SouthWestern,373.2625737,NA
5/06/2022,NA,AU_SouthWestern,363.3818089,NA
6/06/2022,Detected,AU_SouthWestern,331.586684,22EV3598-001-0
7/06/2022,NA,AU_SouthWestern,364.1235443,NA
8/06/2022,Detected,AU_SouthWestern,405.3134557,22EV3628-001-0
9/06/2022,NA,AU_SouthWestern,401.8033376,NA
10/06/2022,NA,AU_SouthWestern,380.0879423,NA
11/06/2022,NA,AU_SouthWestern,405.784911,NA
12/06/2022,NA,AU_SouthWestern,365.3414023,NA
13/06/2022,Detected,AU_SouthWestern,453.1668815,22EV3736-001-0
14/06/2022,NA,AU_SouthWestern,584.3586569,NA
15/06/2022,Detected,AU_SouthWestern,393.9085455,22EV3783-001-0
16/06/2022,NA,AU_SouthWestern,317.0963355,NA
17/06/2022,NA,AU_SouthWestern,274.1210122,NA
18/06/2022,NA,AU_SouthWestern,382.1903024,NA
19/06/2022,NA,AU_SouthWestern,392.3332175,NA
20/06/2022,NA,AU_SouthWestern,397.6139049,NA
21/06/2022,NA,AU_SouthWestern,364.1288736,NA
22/06/2022,Detected,AU_SouthWestern,384.2940591,22EV3931-001-0
23/06/2022,NA,AU_SouthWestern,373.2657558,NA
24/06/2022,NA,AU_SouthWestern,374.4347739,NA
25/06/2022,NA,AU_SouthWestern,380.0558488,NA
26/06/2022,NA,AU_SouthWestern,406.3681068,NA
27/06/2022,NA,AU_SouthWestern,382.185154,NA
28/06/2022,NA,AU_SouthWestern,352.6469064,NA
29/06/2022,Detected,AU_SouthWestern,378.8137638,22EV4058-001-0
30/06/2022,NA,AU_SouthWestern,399.5218367,NA
1/07/2022,NA,AU_SouthWestern,399.3465652,NA
2/07/2022,NA,AU_SouthWestern,385.8259694,NA
3/07/2022,NA,AU_SouthWestern,363.6510566,NA
4/07/2022,Detected,AU_SouthWestern,356.5904614,22EV4140-001-0
5/07/2022,NA,AU_SouthWestern,339.138559,NA
6/07/2022,NA,AU_SouthWestern,803.2858266,NA
7/07/2022,NA,AU_SouthWestern,805.1788536,NA
8/07/2022,NA,AU_SouthWestern,423.6464188,NA
9/07/2022,NA,AU_SouthWestern,1131.556654,NA
10/07/2022,NA,AU_SouthWestern,950.6588816,NA
11/07/2022,Detected,AU_SouthWestern,719.3849036,22EV4391-001-0
12/07/2022,NA,AU_SouthWestern,454.112834,NA
13/07/2022,Detected,AU_SouthWestern,1381.505683,22EV4394-001-0
14/07/2022,NA,AU_SouthWestern,1206.368314,NA
15/07/2022,NA,AU_SouthWestern,1175.171164,NA
16/07/2022,NA,AU_SouthWestern,1010.201462,NA
17/07/2022,NA,AU_SouthWestern,841.2764913,NA
18/07/2022,NA,AU_SouthWestern,774.415274,NA
19/07/2022,NA,AU_SouthWestern,714.3507438,NA
20/07/2022,NA,AU_SouthWestern,809.8690134,NA
21/07/2022,NA,AU_SouthWestern,1000.042124,NA
22/07/2022,NA,AU_SouthWestern,974.907152,NA
23/07/2022,NA,AU_SouthWestern,810.2462107,NA
24/07/2022,NA,AU_SouthWestern,694.2762639,NA
25/07/2022,Detected,AU_SouthWestern,672.4696222,22EV4635-001-0
26/07/2022,NA,AU_SouthWestern,915.4936398,NA
27/07/2022,Detected,AU_SouthWestern,1038.36829,22EV4683-001-0
28/07/2022,NA,AU_SouthWestern,924.6575584,NA
29/07/2022,NA,AU_SouthWestern,811.598318,NA
30/07/2022,NA,AU_SouthWestern,723.4025215,NA
31/07/2022,NA,AU_SouthWestern,658.5987061,NA
1/08/2022,Detected,AU_SouthWestern,627.656749,22EV4770-001-0
2/08/2022,NA,AU_SouthWestern,594.1852383,NA
3/08/2022,Detected,AU_SouthWestern,565.0330636,22EV4880-001-0
4/08/2022,NA,AU_SouthWestern,547.932191,NA
5/08/2022,NA,AU_SouthWestern,527.6271867,NA
6/08/2022,NA,AU_SouthWestern,509.0761819,NA
7/08/2022,NA,AU_SouthWestern,494.8109539,NA
8/08/2022,Detected,AU_SouthWestern,710.8040071,22EV4944-001-0
9/08/2022,NA,AU_SouthWestern,696.1022758,NA
10/08/2022,Detected,AU_SouthWestern,759.5220725,22EV5002-001-0
11/08/2022,NA,AU_SouthWestern,646.5543855,NA
12/08/2022,NA,AU_SouthWestern,598.5363411,NA
13/08/2022,NA,AU_SouthWestern,561.3704662,NA
14/08/2022,NA,AU_SouthWestern,537.1815026,NA
15/08/2022,NA,AU_SouthWestern,527.3383799,NA
16/08/2022,NA,AU_SouthWestern,497.9877224,NA
17/08/2022,Detected,AU_SouthWestern,495.76597,22EV5151-001-0
18/08/2022,NA,AU_SouthWestern,539.3043359,NA
19/08/2022,NA,AU_SouthWestern,1017.863618,NA
20/08/2022,NA,AU_SouthWestern,926.2091001,NA
21/08/2022,NA,AU_SouthWestern,780.1456184,NA
22/08/2022,Detected,AU_SouthWestern,659.7113189,22EV5246-001-0
23/08/2022,NA,AU_SouthWestern,644.6198007,NA
24/08/2022,Detected,AU_SouthWestern,660.6173237,22EV5304-001-0
25/08/2022,NA,AU_SouthWestern,591.2124077,NA
26/08/2022,NA,AU_SouthWestern,858.0224382,NA
27/08/2022,NA,AU_SouthWestern,874.7162191,NA
28/08/2022,NA,AU_SouthWestern,718.0848609,NA
29/08/2022,NA,AU_SouthWestern,644.062583,NA
30/08/2022,NA,AU_SouthWestern,598.9215732,NA
31/08/2022,NA,AU_SouthWestern,570.8192116,NA
1/09/2022,NA,AU_SouthWestern,561.3511014,NA
2/09/2022,NA,AU_SouthWestern,535.5075281,NA
5/09/2022,Detected,AU_SouthWestern,NA,22EV5540-001-0
7/09/2022,Detected,AU_SouthWestern,NA,22EV5611-001-0
12/09/2022,Detected,AU_SouthWestern,NA,22EV5689-001-0
14/09/2022,Detected,AU_SouthWestern,NA,22EV5758-001-0
19/09/2022,Detected,AU_SouthWestern,NA,22EV5830-001-0
21/09/2022,Detected,AU_SouthWestern,NA,22EV5878-001-0
26/09/2022,Detected,AU_SouthWestern,NA,22EV5991-001-0
28/09/2022,Detected,AU_SouthWestern,NA,22EV5994-001-0
3/10/2022,Detected,AU_SouthWestern,NA,22EV6077-001-0
5/10/2022,Detected,AU_SouthWestern,NA,22EV6145-001-0
27/08/2022,NA,AU_Western,1874.658316,NA
28/08/2022,NA,AU_Western,1373.312049,NA
29/08/2022,NA,AU_Western,1194.717353,NA
30/08/2022,NA,AU_Western,1107.193288,NA
31/08/2022,NA,AU_Western,1067.113946,NA
1/09/2022,NA,AU_Western,1022.451564,NA
2/09/2022,NA,AU_Western,925.8441579,NA
5/09/2022,Detected,AU_Western,NA,22EV5542-001-0
7/09/2022,Detected,AU_Western,NA,22EV5613-001-0
12/09/2022,Detected,AU_Western,NA,22EV5691-001-0
14/09/2022,Detected,AU_Western,NA,22EV5760-001-0
19/09/2022,Detected,AU_Western,NA,22EV5832-001-0
21/09/2022,Detected,AU_Western,NA,22EV5880-001-0
26/09/2022,Detected,AU_Western,NA,22EV5992-001-0
28/09/2022,Detected,AU_Western,NA,22EV5996-001-0
3/10/2022,Detected,AU_Western,NA,22EV6079-001-0
5/10/2022,Detected,AU_Western,NA,22EV6147-001-0
2/01/2022,NA,CA_Christchurch,148860.0165,NA
3/01/2022,NA,CA_Christchurch,146523.5248,NA
4/01/2022,NA,CA_Christchurch,148806.8448,NA
5/01/2022,Detected,CA_Christchurch,148663.4707,22EV0099-001-0
6/01/2022,NA,CA_Christchurch,155288.4318,NA
7/01/2022,Not detected,CA_Christchurch,148405.8444,22EV0133-001-0
8/01/2022,NA,CA_Christchurch,151091.9311,NA
9/01/2022,NA,CA_Christchurch,150813.8007,NA
10/01/2022,Not detected,CA_Christchurch,151869.2471,22EV0134-001-0
11/01/2022,NA,CA_Christchurch,148969.1461,NA
12/01/2022,Not detected,CA_Christchurch,145280.0419,22EV0205-001-0
13/01/2022,NA,CA_Christchurch,140203.6754,NA
14/01/2022,Not detected,CA_Christchurch,140004.8848,22EV0288-001-0
15/01/2022,NA,CA_Christchurch,140608.7772,NA
16/01/2022,NA,CA_Christchurch,142221.8245,NA
17/01/2022,Not detected,CA_Christchurch,141926.3153,22EV0289-001-0
18/01/2022,NA,CA_Christchurch,139395.4642,NA
19/01/2022,Not detected,CA_Christchurch,139829.9967,22EV0432-001-0
20/01/2022,NA,CA_Christchurch,142632.1716,NA
21/01/2022,Not detected,CA_Christchurch,143032.0305,22EV0462-001-0
22/01/2022,NA,CA_Christchurch,135831.5374,NA
23/01/2022,NA,CA_Christchurch,139142.3814,NA
24/01/2022,Detected,CA_Christchurch,141108.3354,22EV0463-001-0
25/01/2022,NA,CA_Christchurch,141154.9766,NA
26/01/2022,Detected,CA_Christchurch,135552.6224,22EV0556-001-0
27/01/2022,NA,CA_Christchurch,148638.1269,NA
28/01/2022,Detected,CA_Christchurch,138416.6956,22EV0650-001-0
29/01/2022,NA,CA_Christchurch,132315.6111,NA
30/01/2022,NA,CA_Christchurch,135303.0365,NA
31/01/2022,Detected,CA_Christchurch,140569.8898,22EV0651-001-0
1/02/2022,NA,CA_Christchurch,138679.8416,NA
2/02/2022,Not detected,CA_Christchurch,138240.2953,22EV0753-001-0
3/02/2022,NA,CA_Christchurch,140375.4536,NA
4/02/2022,NA,CA_Christchurch,135659.2664,NA
5/02/2022,NA,CA_Christchurch,148968.2724,NA
6/02/2022,NA,CA_Christchurch,215492.1846,NA
7/02/2022,NA,CA_Christchurch,190435.5864,NA
8/02/2022,Detected,CA_Christchurch,140738.9717,22EV0868-001-0
9/02/2022,Not detected,CA_Christchurch,129699.2616,22EV0943-001-0
10/02/2022,NA,CA_Christchurch,163301.5187,NA
11/02/2022,Detected,CA_Christchurch,284159.5651,22EV1028-001-0
12/02/2022,NA,CA_Christchurch,197700.1278,NA
13/02/2022,NA,CA_Christchurch,256922.095,NA
14/02/2022,Not detected,CA_Christchurch,439918.9989,22EV1029-001-0
15/02/2022,NA,CA_Christchurch,270235.5231,NA
16/02/2022,Detected,CA_Christchurch,220784.6159,22EV1128-001-0
17/02/2022,NA,CA_Christchurch,205596.3445,NA
18/02/2022,Detected,CA_Christchurch,194891.2431,22CE0001-001-0
19/02/2022,NA,CA_Christchurch,193166.3385,NA
20/02/2022,NA,CA_Christchurch,190336.2014,NA
21/02/2022,Detected,CA_Christchurch,178601.5337,22CE0002-001-0
22/02/2022,NA,CA_Christchurch,165093.6234,NA
23/02/2022,Detected,CA_Christchurch,168483.1055,22CE0011-001-0
24/02/2022,NA,CA_Christchurch,149354.9191,NA
25/02/2022,NA,CA_Christchurch,151686.3984,NA
26/02/2022,NA,CA_Christchurch,151203.1078,NA
27/02/2022,NA,CA_Christchurch,147116.9121,NA
28/02/2022,Detected,CA_Christchurch,134883.2599,22CE0014-001-0
1/03/2022,NA,CA_Christchurch,150387.4837,NA
2/03/2022,Detected,CA_Christchurch,138949.2507,22CE0026-001-0
3/03/2022,NA,CA_Christchurch,139417.0841,NA
4/03/2022,NA,CA_Christchurch,136504.9926,NA
5/03/2022,NA,CA_Christchurch,136063.1351,NA
6/03/2022,NA,CA_Christchurch,141690.4532,NA
7/03/2022,Detected,CA_Christchurch,144021.4472,22CE0028-001-0
8/03/2022,NA,CA_Christchurch,133594.5255,NA
9/03/2022,Detected,CA_Christchurch,135615.0938,22CE0040-001-0
10/03/2022,NA,CA_Christchurch,139866.4536,NA
11/03/2022,NA,CA_Christchurch,131293.6757,NA
12/03/2022,NA,CA_Christchurch,136799.9281,NA
13/03/2022,NA,CA_Christchurch,137245.2877,NA
14/03/2022,Detected,CA_Christchurch,127246.0811,22CE0045-001-0
15/03/2022,NA,CA_Christchurch,128222.1766,NA
16/03/2022,Detected,CA_Christchurch,128532.2308,22CE0059-001-0
17/03/2022,NA,CA_Christchurch,131076.0049,NA
18/03/2022,NA,CA_Christchurch,132754.5024,NA
19/03/2022,NA,CA_Christchurch,131455.5947,NA
20/03/2022,NA,CA_Christchurch,133859.2289,NA
21/03/2022,Detected,CA_Christchurch,133836.7506,22CE0065-001-0
22/03/2022,NA,CA_Christchurch,145180.9454,NA
23/03/2022,Detected,CA_Christchurch,199241.8868,22CE0082-001-0
24/03/2022,NA,CA_Christchurch,156315.3444,NA
25/03/2022,NA,CA_Christchurch,161653.6286,NA
26/03/2022,NA,CA_Christchurch,150883.4239,NA
27/03/2022,NA,CA_Christchurch,148337.3687,NA
28/03/2022,Detected,CA_Christchurch,138349.3392,22CE0085-001-0
29/03/2022,NA,CA_Christchurch,134784.5068,NA
30/03/2022,Detected,CA_Christchurch,138351.6945,22CE0102-001-0
31/03/2022,NA,CA_Christchurch,141485.3133,NA
1/04/2022,NA,CA_Christchurch,153120.677,NA
2/04/2022,NA,CA_Christchurch,143333.3044,NA
3/04/2022,NA,CA_Christchurch,131959.8031,NA
3/04/2022,NA,CA_Christchurch,146104.3192,NA
4/04/2022,Detected,CA_Christchurch,129654.0121,22CE0107-001-0
5/04/2022,NA,CA_Christchurch,137796.1181,NA
6/04/2022,Detected,CA_Christchurch,153897.4199,22CE0120-001-0
7/04/2022,NA,CA_Christchurch,168112.2924,NA
8/04/2022,NA,CA_Christchurch,163188.6114,NA
9/04/2022,NA,CA_Christchurch,152598.6497,NA
10/04/2022,NA,CA_Christchurch,141472.9401,NA
11/04/2022,Detected,CA_Christchurch,140582.8247,22CE0128-001-0
12/04/2022,NA,CA_Christchurch,142211.8351,NA
13/04/2022,Detected,CA_Christchurch,144704.25,22CE0142-001-0
14/04/2022,NA,CA_Christchurch,144541.865,NA
15/04/2022,NA,CA_Christchurch,133497.0298,NA
16/04/2022,NA,CA_Christchurch,122882.0278,NA
17/04/2022,NA,CA_Christchurch,125030.9296,NA
18/04/2022,NA,CA_Christchurch,130335.1934,NA
19/04/2022,Detected,CA_Christchurch,131144.5349,22CE0148-001-0
20/04/2022,Detected,CA_Christchurch,138497.2357,22CE0157-001-0
21/04/2022,NA,CA_Christchurch,138372.7156,NA
22/04/2022,NA,CA_Christchurch,129562.146,NA
23/04/2022,NA,CA_Christchurch,136574.6716,NA
24/04/2022,NA,CA_Christchurch,129955.8598,NA
25/04/2022,NA,CA_Christchurch,132509.029,NA
26/04/2022,Detected,CA_Christchurch,132168.1891,22CE0167-001-0
27/04/2022,Detected,CA_Christchurch,133363.2077,22CE0173-001-0
28/04/2022,NA,CA_Christchurch,140413.3148,NA
29/04/2022,NA,CA_Christchurch,149628.1439,NA
30/04/2022,NA,CA_Christchurch,146681.2733,NA
1/05/2022,NA,CA_Christchurch,141559.0481,NA
2/05/2022,Detected,CA_Christchurch,140640.3804,22CE0184-001-0
3/05/2022,NA,CA_Christchurch,149133.364,NA
4/05/2022,NA,CA_Christchurch,145728.678,NA
5/05/2022,Detected,CA_Christchurch,146061.7962,22CE0205-001-0
6/05/2022,NA,CA_Christchurch,150740.0753,NA
7/05/2022,NA,CA_Christchurch,145876.8062,NA
8/05/2022,NA,CA_Christchurch,139418.1564,NA
9/05/2022,Detected,CA_Christchurch,149942.6187,22CE0207-001-0
10/05/2022,NA,CA_Christchurch,164054.8516,NA
11/05/2022,Detected,CA_Christchurch,157796.8838,22CE0226-001-0
12/05/2022,NA,CA_Christchurch,151993.729,NA
13/05/2022,NA,CA_Christchurch,151566.8539,NA
14/05/2022,NA,CA_Christchurch,148387.3787,NA
15/05/2022,NA,CA_Christchurch,140645.3779,NA
16/05/2022,Detected,CA_Christchurch,163310.7335,22CE0236-001-0
17/05/2022,NA,CA_Christchurch,156448.5933,NA
18/05/2022,Detected,CA_Christchurch,155105.6103,22CE0254-001-0
19/05/2022,NA,CA_Christchurch,154425.5803,NA
20/05/2022,NA,CA_Christchurch,157037.4154,NA
21/05/2022,NA,CA_Christchurch,148327.3399,NA
22/05/2022,NA,CA_Christchurch,142458.3536,NA
23/05/2022,Detected,CA_Christchurch,145221.0137,22CE0259-001-0
24/05/2022,NA,CA_Christchurch,152021.5265,NA
25/05/2022,Detected,CA_Christchurch,153541.1219,22CE0278-001-0
26/05/2022,NA,CA_Christchurch,156796.5211,NA
27/05/2022,NA,CA_Christchurch,173635.5394,NA
28/05/2022,NA,CA_Christchurch,180142.5773,NA
29/05/2022,NA,CA_Christchurch,166730.0306,NA
30/05/2022,Detected,CA_Christchurch,163694.6908,22CE0287-001-0
31/05/2022,NA,CA_Christchurch,158433.7789,NA
1/06/2022,Detected,CA_Christchurch,156904.2239,22CE0302-001-0
2/06/2022,NA,CA_Christchurch,155624.1923,NA
3/06/2022,NA,CA_Christchurch,171217.8193,NA
4/06/2022,NA,CA_Christchurch,147248.0089,NA
5/06/2022,NA,CA_Christchurch,131983.9116,NA
6/06/2022,NA,CA_Christchurch,138659.7875,NA
7/06/2022,Detected,CA_Christchurch,138122.352,22CE0308-001-0
8/06/2022,Detected,CA_Christchurch,147135.4657,22CE0316-001-0
9/06/2022,NA,CA_Christchurch,151813.7211,NA
10/06/2022,NA,CA_Christchurch,152910.3833,NA
11/06/2022,NA,CA_Christchurch,149645.3085,NA
12/06/2022,NA,CA_Christchurch,141089.5797,NA
13/06/2022,Detected,CA_Christchurch,158195.6734,22CE0328-001-0
14/06/2022,NA,CA_Christchurch,152913.4507,NA
15/06/2022,Detected,CA_Christchurch,153138.9676,22CE0344-001-0
16/06/2022,NA,CA_Christchurch,149309.2092,NA
17/06/2022,NA,CA_Christchurch,148118.4394,NA
18/06/2022,NA,CA_Christchurch,146442.3291,NA
19/06/2022,NA,CA_Christchurch,143271.9123,NA
20/06/2022,Detected,CA_Christchurch,158412.3181,22CE0349-001-0
21/06/2022,NA,CA_Christchurch,160358.6521,NA
22/06/2022,Detected,CA_Christchurch,153694.4735,22CE0363-001-0
23/06/2022,NA,CA_Christchurch,151799.6637,NA
24/06/2022,NA,CA_Christchurch,143004.2383,NA
25/06/2022,NA,CA_Christchurch,134104.1251,NA
26/06/2022,NA,CA_Christchurch,134501.4118,NA
27/06/2022,Detected,CA_Christchurch,134553.0668,22EV4010-001-0
28/06/2022,NA,CA_Christchurch,82248.33214,NA
29/06/2022,Detected,CA_Christchurch,126119.7657,22EV4120-001-0
30/06/2022,NA,CA_Christchurch,168093.1863,NA
1/07/2022,NA,CA_Christchurch,169318.4008,NA
2/07/2022,NA,CA_Christchurch,156250.6678,NA
3/07/2022,NA,CA_Christchurch,152320.2121,NA
4/07/2022,Detected,CA_Christchurch,152706.3948,22EV4153-001-0
5/07/2022,NA,CA_Christchurch,155599.1655,NA
6/07/2022,Detected,CA_Christchurch,159064.4719,22EV4229-001-0
7/07/2022,NA,CA_Christchurch,145572.3271,NA
8/07/2022,NA,CA_Christchurch,242347.8248,NA
9/07/2022,NA,CA_Christchurch,236397.3338,NA
10/07/2022,NA,CA_Christchurch,211789.9667,NA
11/07/2022,Detected,CA_Christchurch,174165.7096,22EV4353-001-0
12/07/2022,NA,CA_Christchurch,511332.9485,NA
13/07/2022,Detected,CA_Christchurch,474330.5428,22EV4385-001-0
14/07/2022,NA,CA_Christchurch,302041.6055,NA
15/07/2022,NA,CA_Christchurch,271395.9582,NA
16/07/2022,NA,CA_Christchurch,237004.9308,NA
17/07/2022,NA,CA_Christchurch,214410.5391,NA
18/07/2022,NA,CA_Christchurch,212785.8588,NA
19/07/2022,Detected,CA_Christchurch,178863.7093,22EV4514-001-0
20/07/2022,Detected,CA_Christchurch,177317.3018,22EV4543-001-0
21/07/2022,NA,CA_Christchurch,495548.204,NA
22/07/2022,NA,CA_Christchurch,368105.9461,NA
23/07/2022,NA,CA_Christchurch,260059.2155,NA
24/07/2022,NA,CA_Christchurch,230643.6853,NA
25/07/2022,Detected,CA_Christchurch,241049.4155,22EV4616-001-0
26/07/2022,NA,CA_Christchurch,627813.2347,NA
27/07/2022,Detected,CA_Christchurch,600078.6238,22EV4713-001-0
28/07/2022,NA,CA_Christchurch,372303.3202,NA
29/07/2022,NA,CA_Christchurch,299731.1361,NA
30/07/2022,NA,CA_Christchurch,282318.0381,NA
31/07/2022,NA,CA_Christchurch,492332.1081,NA
1/08/2022,Detected,CA_Christchurch,391145.6963,22EV4784-001-0
3/08/2022,Detected,CA_Christchurch,NA,22EV4863-001-0
8/08/2022,Detected,CA_Christchurch,NA,22EV4931-001-0
10/08/2022,Detected,CA_Christchurch,NA,22EV5020-001-0
15/08/2022,Detected,CA_Christchurch,NA,22EV5094-001-0
17/08/2022,Detected,CA_Christchurch,NA,22EV5143-001-0
22/08/2022,Detected,CA_Christchurch,NA,22EV5217-001-0
24/08/2022,Detected,CA_Christchurch,NA,22EV5300-001-0
29/08/2022,Detected,CA_Christchurch,NA,22EV5368-001-0
31/08/2022,Detected,CA_Christchurch,NA,22EV5452-001-0
5/09/2022,Detected,CA_Christchurch,NA,22EV5524-001-0
6/09/2022,Detected,CA_Christchurch,NA,22EV5599-001-0
14/09/2022,Detected,CA_Christchurch,NA,22EV5751-001-0
19/09/2022,Detected,CA_Christchurch,NA,22EV5823-001-0
21/09/2022,Detected,CA_Christchurch,NA,22EV5905-001-0
27/09/2022,Detected,CA_Christchurch,NA,22EV5965-001-0
3/10/2022,Detected,CA_Christchurch,NA,22EV6127-001-0
5/10/2022,Detected,CA_Christchurch,NA,22EV6177-001-0
1/01/2022,NA,WG_Karori,3229.733422,NA
2/01/2022,NA,WG_Karori,3405.686482,NA
3/01/2022,NA,WG_Karori,3198.376927,NA
4/01/2022,NA,WG_Karori,3376.357834,NA
5/01/2022,NA,WG_Karori,3255.364662,NA
6/01/2022,NA,WG_Karori,3170.219872,NA
7/01/2022,NA,WG_Karori,3252.379604,NA
8/01/2022,NA,WG_Karori,3385.945379,NA
9/01/2022,NA,WG_Karori,3359.303947,NA
10/01/2022,Not detected,WG_Karori,3516.461297,22EV0107-001-0
11/01/2022,NA,WG_Karori,3051.218542,NA
12/01/2022,NA,WG_Karori,3287.959466,NA
13/01/2022,NA,WG_Karori,3204.50044,NA
14/01/2022,NA,WG_Karori,2961.50929,NA
15/01/2022,NA,WG_Karori,3314.361265,NA
16/01/2022,NA,WG_Karori,3504.433151,NA
17/01/2022,Not detected,WG_Karori,3153.768389,22EV0278-001-0
18/01/2022,NA,WG_Karori,3118.419966,NA
19/01/2022,NA,WG_Karori,3172.754161,NA
20/01/2022,NA,WG_Karori,3154.786723,NA
21/01/2022,NA,WG_Karori,2863.347889,NA
22/01/2022,NA,WG_Karori,3221.658385,NA
23/01/2022,NA,WG_Karori,3102.683292,NA
24/01/2022,NA,WG_Karori,3300.491126,NA
25/01/2022,Not detected,WG_Karori,3171.987741,22EV0471-001-0
26/01/2022,NA,WG_Karori,3450.826845,NA
27/01/2022,NA,WG_Karori,3742.4207,NA
28/01/2022,NA,WG_Karori,3092.315774,NA
29/01/2022,NA,WG_Karori,3161.88555,NA
30/01/2022,NA,WG_Karori,3555.377875,NA
31/01/2022,Not detected,WG_Karori,3084.933182,22EV0638-001-0
1/02/2022,NA,WG_Karori,3168.19241,NA
2/02/2022,NA,WG_Karori,3070.604967,NA
3/02/2022,NA,WG_Karori,3124.915647,NA
4/02/2022,NA,WG_Karori,7842.99806,NA
5/02/2022,NA,WG_Karori,14091.04435,NA
6/02/2022,NA,WG_Karori,11982.30403,NA
7/02/2022,NA,WG_Karori,5793.106067,NA
8/02/2022,Not detected,WG_Karori,4591.139435,22EV0829-001-0
9/02/2022,NA,WG_Karori,4573.584701,NA
10/02/2022,NA,WG_Karori,4068.349987,NA
11/02/2022,NA,WG_Karori,4090.903585,NA
12/02/2022,NA,WG_Karori,14805.94186,NA
13/02/2022,NA,WG_Karori,17295.30612,NA
14/02/2022,Not detected,WG_Karori,12955.17055,22EV1019-001-0
15/02/2022,NA,WG_Karori,9139.975338,NA
16/02/2022,NA,WG_Karori,7168.098396,NA
17/02/2022,NA,WG_Karori,5922.939312,NA
18/02/2022,NA,WG_Karori,5062.844857,NA
19/02/2022,NA,WG_Karori,9213.712263,NA
20/02/2022,NA,WG_Karori,10129.6663,NA
21/02/2022,Detected,WG_Karori,7253.049968,22EV1215-001-0
22/02/2022,NA,WG_Karori,5511.859792,NA
23/02/2022,NA,WG_Karori,4949.188687,NA
24/02/2022,NA,WG_Karori,4609.387446,NA
25/02/2022,NA,WG_Karori,4176.364701,NA
26/02/2022,NA,WG_Karori,4405.732137,NA
27/02/2022,NA,WG_Karori,4410.381997,NA
28/02/2022,Detected,WG_Karori,4190.569918,22EV1389-001-0
1/03/2022,NA,WG_Karori,3803.449721,NA
2/03/2022,NA,WG_Karori,3625.008069,NA
3/03/2022,NA,WG_Karori,3923.778811,NA
4/03/2022,NA,WG_Karori,3604.397193,NA
5/03/2022,NA,WG_Karori,3892.918275,NA
6/03/2022,NA,WG_Karori,3987.655547,NA
7/03/2022,Detected,WG_Karori,3649.737008,22EV1563-001-0
8/03/2022,NA,WG_Karori,3632.511823,NA
9/03/2022,NA,WG_Karori,3622.832117,NA
10/03/2022,NA,WG_Karori,3583.816614,NA
11/03/2022,NA,WG_Karori,3366.013174,NA
12/03/2022,NA,WG_Karori,3635.678497,NA
13/03/2022,NA,WG_Karori,3890.44627,NA
14/03/2022,Detected,WG_Karori,3381.513063,22EV1738-001-0
15/03/2022,NA,WG_Karori,3517.723924,NA
16/03/2022,Detected,WG_Karori,3465.146124,22EV1814-001-0
17/03/2022,NA,WG_Karori,3420.279545,NA
18/03/2022,NA,WG_Karori,3183.331505,NA
19/03/2022,NA,WG_Karori,3689.796234,NA
20/03/2022,NA,WG_Karori,3687.260841,NA
21/03/2022,Detected,WG_Karori,3781.303314,22EV1916-001-0
22/03/2022,NA,WG_Karori,4040.755239,NA
23/03/2022,Detected,WG_Karori,3600.047268,22EV1988-001-0
24/03/2022,NA,WG_Karori,4948.828926,NA
25/03/2022,NA,WG_Karori,3632.217435,NA
26/03/2022,NA,WG_Karori,3708.35894,NA
27/03/2022,NA,WG_Karori,3880.267254,NA
28/03/2022,Detected,WG_Karori,3637.725131,22EV2084-001-0
29/03/2022,NA,WG_Karori,3949.889817,NA
30/03/2022,Detected,WG_Karori,3637.094181,22EV2150-001-0
31/03/2022,NA,WG_Karori,3584.172737,NA
1/04/2022,NA,WG_Karori,3269.807733,NA
2/04/2022,NA,WG_Karori,3580.974757,NA
3/04/2022,NA,WG_Karori,3963.820134,NA
4/04/2022,Detected,WG_Karori,3360.876678,22EV2246-001-0
5/04/2022,NA,WG_Karori,3399.812343,NA
6/04/2022,Detected,WG_Karori,4651.874565,22EV2316-001-0
7/04/2022,NA,WG_Karori,3587.422062,NA
8/04/2022,NA,WG_Karori,3138.423137,NA
9/04/2022,NA,WG_Karori,3400.659761,NA
10/04/2022,NA,WG_Karori,3806.594335,NA
11/04/2022,Detected,WG_Karori,3368.738745,22EV2403-001-0
12/04/2022,NA,WG_Karori,5118.392319,NA
13/04/2022,Detected,WG_Karori,3890.373318,22EV2471-001-0
14/04/2022,NA,WG_Karori,3161.363283,NA
15/04/2022,NA,WG_Karori,3404.442089,NA
16/04/2022,NA,WG_Karori,3257.70166,NA
17/04/2022,NA,WG_Karori,3187.356956,NA
18/04/2022,NA,WG_Karori,3422.448663,NA
19/04/2022,NA,WG_Karori,3467.286208,NA
20/04/2022,Detected,WG_Karori,3328.217187,22EV2636-001-0
21/04/2022,NA,WG_Karori,4578.314545,NA
22/04/2022,Detected,WG_Karori,3392.61437,22EV2684-001-0
23/04/2022,NA,WG_Karori,3381.675704,NA
24/04/2022,NA,WG_Karori,3581.789731,NA
25/04/2022,NA,WG_Karori,3597.563593,NA
26/04/2022,NA,WG_Karori,3353.1955,NA
27/04/2022,Detected,WG_Karori,3286.378168,22EV2725-001-0
28/04/2022,NA,WG_Karori,3298.900634,NA
29/04/2022,Detected,WG_Karori,2956.592529,22EV2812-001-0
30/04/2022,NA,WG_Karori,3352.619658,NA
1/05/2022,NA,WG_Karori,3718.621282,NA
2/05/2022,Detected,WG_Karori,3288.770049,22EV2824-001-0
3/05/2022,NA,WG_Karori,3101.675486,NA
4/05/2022,Detected,WG_Karori,3105.810852,22EV2890-001-0
5/05/2022,NA,WG_Karori,3298.284749,NA
6/05/2022,NA,WG_Karori,2860.375813,NA
7/05/2022,NA,WG_Karori,3309.342539,NA
8/05/2022,NA,WG_Karori,3568.189459,NA
9/05/2022,Detected,WG_Karori,5367.642962,22EV2980-001-0
10/05/2022,NA,WG_Karori,4099.574598,NA
11/05/2022,Detected,WG_Karori,3386.650063,22EV3053-001-0
12/05/2022,NA,WG_Karori,3292.304073,NA
13/05/2022,NA,WG_Karori,2986.191519,NA
14/05/2022,NA,WG_Karori,3579.41783,NA
15/05/2022,NA,WG_Karori,4646.624852,NA
16/05/2022,Detected,WG_Karori,3577.152252,22EV3134-001-0
17/05/2022,NA,WG_Karori,3545.13799,NA
18/05/2022,Detected,WG_Karori,3465.9398,22EV3208-001-0
19/05/2022,NA,WG_Karori,3558.599839,NA
20/05/2022,NA,WG_Karori,3382.854717,NA
21/05/2022,NA,WG_Karori,3591.116209,NA
22/05/2022,NA,WG_Karori,3855.252223,NA
23/05/2022,Detected,WG_Karori,3343.634214,22EV3284-001-0
24/05/2022,NA,WG_Karori,3401.7203,NA
25/05/2022,Detected,WG_Karori,3263.422529,22EV3348-001-0
26/05/2022,NA,WG_Karori,3449.685829,NA
27/05/2022,NA,WG_Karori,3214.966612,NA
28/05/2022,NA,WG_Karori,3482.375937,NA
29/05/2022,NA,WG_Karori,3789.280292,NA
30/05/2022,Detected,WG_Karori,6160.710871,22EV3430-001-0
31/05/2022,NA,WG_Karori,5628.171725,NA
1/06/2022,Detected,WG_Karori,10923,22EV3504-001-0
2/06/2022,NA,WG_Karori,8786,NA
3/06/2022,NA,WG_Karori,7794,NA
4/06/2022,NA,WG_Karori,5195,NA
5/06/2022,NA,WG_Karori,4590,NA
6/06/2022,Detected,WG_Karori,4641,22EV3576-001-0
7/06/2022,NA,WG_Karori,4667,NA
8/06/2022,Detected,WG_Karori,5008,22EV3613-001-0
9/06/2022,NA,WG_Karori,7487,NA
10/06/2022,NA,WG_Karori,6296,NA
11/06/2022,NA,WG_Karori,5604,NA
12/06/2022,NA,WG_Karori,9282,NA
13/06/2022,Detected,WG_Karori,5889,22EV3715-001-0
14/06/2022,NA,WG_Karori,4777,NA
15/06/2022,Detected,WG_Karori,4359,22EV3780-001-0
16/06/2022,NA,WG_Karori,3943,NA
17/06/2022,NA,WG_Karori,3946,NA
18/06/2022,NA,WG_Karori,5017,NA
19/06/2022,NA,WG_Karori,5529,NA
20/06/2022,Detected,WG_Karori,4539,22EV3857-001-0
21/06/2022,NA,WG_Karori,4269,NA
22/06/2022,Detected,WG_Karori,4175,22EV3928-001-0
23/06/2022,NA,WG_Karori,3707,NA
24/06/2022,NA,WG_Karori,4002,NA
25/06/2022,NA,WG_Karori,3816,NA
26/06/2022,NA,WG_Karori,4231,NA
27/06/2022,Detected,WG_Karori,3674,22EV3982-001-0
28/06/2022,NA,WG_Karori,6576,NA
29/06/2022,Detected,WG_Karori,4539,22EV4055-001-0
30/06/2022,NA,WG_Karori,4536,NA
1/07/2022,NA,WG_Karori,3936,NA
2/07/2022,NA,WG_Karori,4014,NA
3/07/2022,NA,WG_Karori,4527,NA
4/07/2022,Detected,WG_Karori,3824,22EV4139-001-0
5/07/2022,NA,WG_Karori,3803,NA
6/07/2022,Detected,WG_Karori,3532,22EV4204-001-0
7/07/2022,NA,WG_Karori,4361,NA
8/07/2022,NA,WG_Karori,7296,NA
9/07/2022,NA,WG_Karori,5786,NA
10/07/2022,NA,WG_Karori,5318,NA
11/07/2022,Detected,WG_Karori,7250,22EV4295-001-0
12/07/2022,NA,WG_Karori,11779,NA
13/07/2022,Detected,WG_Karori,6442,22EV4365-001-0
14/07/2022,NA,WG_Karori,5100,NA
15/07/2022,NA,WG_Karori,5463,NA
16/07/2022,NA,WG_Karori,4811,NA
17/07/2022,NA,WG_Karori,4730,NA
18/07/2022,Detected,WG_Karori,4229,22EV4453-001-0
19/07/2022,NA,WG_Karori,8663,NA
20/07/2022,Detected,WG_Karori,15300,22EV4526-001-0
21/07/2022,NA,WG_Karori,12688,NA
22/07/2022,NA,WG_Karori,8811,NA
23/07/2022,NA,WG_Karori,6502,NA
24/07/2022,NA,WG_Karori,6312,NA
25/07/2022,Detected,WG_Karori,9551,22EV4604-001-0
26/07/2022,NA,WG_Karori,9717,NA
27/07/2022,Detected,WG_Karori,8779,22EV4677-001-0
28/07/2022,NA,WG_Karori,6382,NA
29/07/2022,NA,WG_Karori,2172,NA
30/07/2022,NA,WG_Karori,13970,NA
31/07/2022,NA,WG_Karori,13050,NA
1/08/2022,Detected,WG_Karori,NA,22EV4768-001-0
3/08/2022,Detected,WG_Karori,NA,22EV4834-001-0
8/08/2022,Detected,WG_Karori,NA,22EV4924-001-0
10/08/2022,Detected,WG_Karori,NA,22EV5001-001-0
15/08/2022,Detected,WG_Karori,NA,22EV5073-001-0
17/08/2022,Detected,WG_Karori,NA,22EV5150-001-0
22/08/2022,Detected,WG_Karori,NA,22EV5224-001-0
24/08/2022,Detected,WG_Karori,NA,22EV5299-001-0
29/08/2022,Detected,WG_Karori,NA,22EV5367-001-0
31/08/2022,Detected,WG_Karori,NA,22EV5440-001-0
5/09/2022,Detected,WG_Karori,NA,22EV5506-001-0
7/09/2022,Detected,WG_Karori,NA,22EV5583-001-0
12/09/2022,Detected,WG_Karori,NA,22EV5666-001-0
14/09/2022,Detected,WG_Karori,NA,22EV5737-001-0
19/09/2022,Detected,WG_Karori,NA,22EV5804-001-0
21/09/2022,Detected,WG_Karori,NA,22EV5873-001-0
27/09/2022,Detected,WG_Karori,NA,22EV5952-001-0
29/09/2022,Detected,WG_Karori,NA,22EV6035-001-0
4/10/2022,Detected,WG_Karori,NA,22EV6103-001-0
6/10/2022,Detected,WG_Karori,NA,22EV6186-001-0
1/01/2022,NA,WG_MoaPoint,53866.27357,NA
2/01/2022,NA,WG_MoaPoint,53746.75734,NA
3/01/2022,NA,WG_MoaPoint,55337.25864,NA
4/01/2022,NA,WG_MoaPoint,57443.78071,NA
5/01/2022,Not detected,WG_MoaPoint,62859.51404,22EV0016-001-0
6/01/2022,NA,WG_MoaPoint,60510.92054,NA
7/01/2022,NA,WG_MoaPoint,59754.32783,NA
8/01/2022,NA,WG_MoaPoint,57441.49367,NA
9/01/2022,NA,WG_MoaPoint,55880.29643,NA
10/01/2022,Not detected,WG_MoaPoint,61805.20205,22EV0104-001-0
11/01/2022,NA,WG_MoaPoint,64442.64025,NA
12/01/2022,NA,WG_MoaPoint,60678.88213,NA
13/01/2022,Detected,WG_MoaPoint,60820.73196,22EV0222-001-0
14/01/2022,NA,WG_MoaPoint,60133.34801,NA
15/01/2022,NA,WG_MoaPoint,58264.77317,NA
16/01/2022,NA,WG_MoaPoint,57225.50953,NA
17/01/2022,Detected,WG_MoaPoint,62881.44183,22EV0275-001-0
18/01/2022,NA,WG_MoaPoint,61765.27324,NA
19/01/2022,NA,WG_MoaPoint,65057.32032,NA
20/01/2022,Detected,WG_MoaPoint,64398.09047,22EV0391-001-0
21/01/2022,NA,WG_MoaPoint,60934.02564,NA
22/01/2022,NA,WG_MoaPoint,57948.34631,NA
23/01/2022,NA,WG_MoaPoint,55208.64472,NA
24/01/2022,NA,WG_MoaPoint,57712.72538,NA
25/01/2022,Not detected,WG_MoaPoint,63195.86649,22EV0468-001-0
26/01/2022,NA,WG_MoaPoint,66503.06133,NA
27/01/2022,Detected,WG_MoaPoint,63382.34037,22EV0587-001-0
28/01/2022,NA,WG_MoaPoint,59314.03036,NA
29/01/2022,NA,WG_MoaPoint,56750.19798,NA
30/01/2022,NA,WG_MoaPoint,58927.77006,NA
31/01/2022,Not detected,WG_MoaPoint,61634.20308,22EV0635-001-0
1/02/2022,NA,WG_MoaPoint,63898.31341,NA
2/02/2022,NA,WG_MoaPoint,62992.61681,NA
3/02/2022,Detected,WG_MoaPoint,62879.92497,22EV0770-001-0
4/02/2022,NA,WG_MoaPoint,123475.0382,NA
5/02/2022,NA,WG_MoaPoint,171224.8162,NA
6/02/2022,NA,WG_MoaPoint,120174.5993,NA
7/02/2022,NA,WG_MoaPoint,74937.07739,NA
8/02/2022,Detected,WG_MoaPoint,69916.81628,22EV0826-001-0
9/02/2022,NA,WG_MoaPoint,77666.36864,NA
10/02/2022,Detected,WG_MoaPoint,70699.62473,22EV0946-001-0
11/02/2022,NA,WG_MoaPoint,75083.61474,NA
12/02/2022,NA,WG_MoaPoint,239695.7403,NA
13/02/2022,NA,WG_MoaPoint,258607.209,NA
14/02/2022,Detected,WG_MoaPoint,139531.241,22EV1016-001-0
15/02/2022,NA,WG_MoaPoint,96434.04963,NA
16/02/2022,NA,WG_MoaPoint,84620.42832,NA
17/02/2022,Detected,WG_MoaPoint,77927.89916,22EV1154-001-0
18/02/2022,NA,WG_MoaPoint,75894.57007,NA
19/02/2022,NA,WG_MoaPoint,123141.1678,NA
20/02/2022,NA,WG_MoaPoint,136803.0305,NA
21/02/2022,Detected,WG_MoaPoint,89788.05628,22EV1212-001-0
22/02/2022,NA,WG_MoaPoint,79013.63296,NA
23/02/2022,NA,WG_MoaPoint,76440.90298,NA
24/02/2022,Detected,WG_MoaPoint,75515.50454,22EV1345-001-0
25/02/2022,NA,WG_MoaPoint,73155.0454,NA
26/02/2022,NA,WG_MoaPoint,68948.56294,NA
27/02/2022,NA,WG_MoaPoint,68338.51799,NA
28/02/2022,Detected,WG_MoaPoint,69646.58729,22EV1386-001-0
1/03/2022,NA,WG_MoaPoint,68174.56792,NA
2/03/2022,NA,WG_MoaPoint,65598.53591,NA
3/03/2022,Detected,WG_MoaPoint,64926.39235,22EV1493-001-0
4/03/2022,NA,WG_MoaPoint,65003.53356,NA
5/03/2022,NA,WG_MoaPoint,65405.00625,NA
6/03/2022,NA,WG_MoaPoint,64902.02941,NA
7/03/2022,Detected,WG_MoaPoint,65312.1896,22EV1566-001-0
8/03/2022,NA,WG_MoaPoint,66320.84929,NA
9/03/2022,NA,WG_MoaPoint,64888.0219,NA
10/03/2022,Detected,WG_MoaPoint,66666.72481,22EV1686-001-0
11/03/2022,NA,WG_MoaPoint,66573.00159,NA
12/03/2022,NA,WG_MoaPoint,63107.82542,NA
13/03/2022,NA,WG_MoaPoint,60314.89573,NA
14/03/2022,Detected,WG_MoaPoint,60182.99367,22EV1735-001-0
15/03/2022,NA,WG_MoaPoint,62295.83206,NA
16/03/2022,Detected,WG_MoaPoint,60959.69275,22EV1811-001-0
17/03/2022,NA,WG_MoaPoint,64488.69625,NA
18/03/2022,Detected,WG_MoaPoint,63042.55142,22EV1905-001-0
19/03/2022,NA,WG_MoaPoint,63254.18449,NA
20/03/2022,NA,WG_MoaPoint,64527.97474,NA
21/03/2022,Detected,WG_MoaPoint,72380.46825,22EV1913-001-0
22/03/2022,NA,WG_MoaPoint,80576.7,NA
23/03/2022,Detected,WG_MoaPoint,71062.8,22EV1985-001-0
24/03/2022,NA,WG_MoaPoint,90248.1,NA
25/03/2022,Detected,WG_MoaPoint,75018.3,22EV2071-001-0
26/03/2022,NA,WG_MoaPoint,66731.1,NA
27/03/2022,NA,WG_MoaPoint,65481.3,NA
28/03/2022,Detected,WG_MoaPoint,64896.3,22EV2081-001-0
29/03/2022,NA,WG_MoaPoint,72352.8,NA
30/03/2022,Detected,WG_MoaPoint,69386.7,22EV2151-001-0
31/03/2022,NA,WG_MoaPoint,73479.6,NA
1/04/2022,Detected,WG_MoaPoint,63341.7,22EV2229-001-0
2/04/2022,NA,WG_MoaPoint,63850.8,NA
3/04/2022,NA,WG_MoaPoint,62215.8,NA
4/04/2022,Detected,WG_MoaPoint,62216.7,22EV2243-001-0
5/04/2022,NA,WG_MoaPoint,66882.3,NA
6/04/2022,Detected,WG_MoaPoint,83027.1,22EV2314-001-0
7/04/2022,NA,WG_MoaPoint,65420.4,NA
8/04/2022,Detected,WG_MoaPoint,64519.2,22EV2396-001-0
9/04/2022,NA,WG_MoaPoint,58968.3,NA
10/04/2022,NA,WG_MoaPoint,60212.1,NA
11/04/2022,Detected,WG_MoaPoint,63656.7,22EV2400-001-0
12/04/2022,NA,WG_MoaPoint,81656.7,NA
13/04/2022,Detected,WG_MoaPoint,66104.7,22EV2472-001-0
14/04/2022,NA,WG_MoaPoint,62595.9,NA
15/04/2022,NA,WG_MoaPoint,57432,NA
16/04/2022,NA,WG_MoaPoint,54702.6,NA
17/04/2022,NA,WG_MoaPoint,51505.2,NA
18/04/2022,NA,WG_MoaPoint,57017.1,NA
19/04/2022,NA,WG_MoaPoint,61944,NA
20/04/2022,Detected,WG_MoaPoint,61792.8,22EV2633-001-0
21/04/2022,NA,WG_MoaPoint,85272.75737,NA
22/04/2022,Detected,WG_MoaPoint,70734.58424,22EV2685-001-0
23/04/2022,NA,WG_MoaPoint,63094.1027,NA
24/04/2022,NA,WG_MoaPoint,64119.11631,NA
25/04/2022,NA,WG_MoaPoint,64312.77816,NA
26/04/2022,NA,WG_MoaPoint,65319.66619,NA
27/04/2022,Detected,WG_MoaPoint,62692.38441,22EV2723-001-0
28/04/2022,NA,WG_MoaPoint,59851.8,NA
29/04/2022,Detected,WG_MoaPoint,59081.1,22EV2816-001-0
30/04/2022,NA,WG_MoaPoint,58185.3,NA
1/05/2022,NA,WG_MoaPoint,57575.1,NA
2/05/2022,Detected,WG_MoaPoint,61872,22EV2821-001-0
3/05/2022,NA,WG_MoaPoint,60252.3,NA
4/05/2022,Detected,WG_MoaPoint,62051.7,22EV2887-001-0
5/05/2022,NA,WG_MoaPoint,61193.4,NA
6/05/2022,Detected,WG_MoaPoint,59894.4,22EV2964-001-0
7/05/2022,NA,WG_MoaPoint,60756,NA
8/05/2022,NA,WG_MoaPoint,59082.9,NA
9/05/2022,Detected,WG_MoaPoint,84493.8,22EV2978-001-0
10/05/2022,NA,WG_MoaPoint,67010.79327,NA
11/05/2022,Detected,WG_MoaPoint,63740.8105,22EV3050-001-0
12/05/2022,NA,WG_MoaPoint,62781.05433,NA
13/05/2022,Detected,WG_MoaPoint,59773.731,22EV3125-001-0
14/05/2022,NA,WG_MoaPoint,64119.16384,NA
15/05/2022,NA,WG_MoaPoint,74618.9178,NA
16/05/2022,Detected,WG_MoaPoint,67515.87805,22EV3131-001-0
17/05/2022,NA,WG_MoaPoint,70707.02466,NA
18/05/2022,Detected,WG_MoaPoint,68985.3416,22EV3205-001-0
19/05/2022,NA,WG_MoaPoint,73174.6189,NA
20/05/2022,Detected,WG_MoaPoint,100424.8276,22EV3273-001-0
21/05/2022,NA,WG_MoaPoint,71953.70617,NA
22/05/2022,NA,WG_MoaPoint,69820.58996,NA
23/05/2022,Detected,WG_MoaPoint,66314.81003,22EV3281-001-0
24/05/2022,NA,WG_MoaPoint,67674.81618,NA
25/05/2022,Detected,WG_MoaPoint,65983.23554,22EV3345-001-0
26/05/2022,NA,WG_MoaPoint,63237.50261,NA
27/05/2022,Detected,WG_MoaPoint,61107.71947,22EV3422-001-0
28/05/2022,NA,WG_MoaPoint,60604.78167,NA
29/05/2022,NA,WG_MoaPoint,60028.13549,NA
30/05/2022,Detected,WG_MoaPoint,97470.10875,22EV3427-001-0
31/05/2022,NA,WG_MoaPoint,86850.88261,NA
1/06/2022,Detected,WG_MoaPoint,142498.9703,22EV3501-001-0
2/06/2022,NA,WG_MoaPoint,124145.1027,NA
3/06/2022,Detected,WG_MoaPoint,90366.77451,22EV3562-001-0
4/06/2022,NA,WG_MoaPoint,75428.04534,NA
5/06/2022,NA,WG_MoaPoint,72185.52613,NA
6/06/2022,Detected,WG_MoaPoint,65380.60058,22EV3573-001-0
7/06/2022,NA,WG_MoaPoint,75510.31638,NA
8/06/2022,Detected,WG_MoaPoint,82164.04742,22EV3610-001-0
9/06/2022,NA,WG_MoaPoint,121527.945,NA
10/06/2022,Detected,WG_MoaPoint,107360.0213,22EV3700-001-0
11/06/2022,NA,WG_MoaPoint,91684.57288,NA
12/06/2022,NA,WG_MoaPoint,130231.2876,NA
13/06/2022,Detected,WG_MoaPoint,103162.9088,22EV3712-001-0
14/06/2022,NA,WG_MoaPoint,83126.22167,NA
15/06/2022,Detected,WG_MoaPoint,75090.05406,22EV3777-001-0
16/06/2022,NA,WG_MoaPoint,71674.15794,NA
17/06/2022,Detected,WG_MoaPoint,67044.39437,22EV3846-001-0
18/06/2022,NA,WG_MoaPoint,74057.97351,NA
19/06/2022,NA,WG_MoaPoint,75819.27655,NA
20/06/2022,Detected,WG_MoaPoint,71207.21929,22EV3854-001-0
21/06/2022,NA,WG_MoaPoint,70391.96578,NA
22/06/2022,Detected,WG_MoaPoint,67272.01331,22EV3925-001-0
23/06/2022,NA,WG_MoaPoint,66170.7034,NA
24/06/2022,Detected,WG_MoaPoint,61887.01795,22EV3976-001-0
25/06/2022,NA,WG_MoaPoint,62256.54672,NA
26/06/2022,NA,WG_MoaPoint,63477.31285,NA
27/06/2022,Detected,WG_MoaPoint,1509.300311,22EV3979-001-0
28/06/2022,NA,WG_MoaPoint,NA,NA
29/06/2022,Detected,WG_MoaPoint,NA,22EV4052-001-0
30/06/2022,NA,WG_MoaPoint,NA,NA
1/07/2022,Detected,WG_MoaPoint,64899.01508,22EV4133-001-0
2/07/2022,NA,WG_MoaPoint,63410.69965,NA
3/07/2022,NA,WG_MoaPoint,62079.02913,NA
4/07/2022,Detected,WG_MoaPoint,63246.65821,22EV4136-001-0
5/07/2022,NA,WG_MoaPoint,65034.74619,NA
6/07/2022,Detected,WG_MoaPoint,61832.51135,22EV4201-001-0
7/07/2022,NA,WG_MoaPoint,66158.91928,NA
8/07/2022,Detected,WG_MoaPoint,110873.8128,22EV4281-001-0
9/07/2022,NA,WG_MoaPoint,82015.19119,NA
10/07/2022,NA,WG_MoaPoint,69505.13269,NA
11/07/2022,Detected,WG_MoaPoint,93754.2,22EV4292-001-0
12/07/2022,NA,WG_MoaPoint,156038.2017,NA
13/07/2022,Detected,WG_MoaPoint,91777.81166,22EV4362-001-0
14/07/2022,NA,WG_MoaPoint,80794.66248,NA
15/07/2022,Detected,WG_MoaPoint,86465.66905,22EV4446-001-0
16/07/2022,NA,WG_MoaPoint,75515.11155,NA
17/07/2022,NA,WG_MoaPoint,69631.89896,NA
18/07/2022,Detected,WG_MoaPoint,70204.87462,22EV4450-001-0
19/07/2022,NA,WG_MoaPoint,109101.8435,NA
20/07/2022,Detected,WG_MoaPoint,158118.4258,22EV4523-001-0
21/07/2022,NA,WG_MoaPoint,166879.5616,NA
22/07/2022,Detected,WG_MoaPoint,95654.0783,22EV4588-001-0
23/07/2022,NA,WG_MoaPoint,79354.17755,NA
24/07/2022,NA,WG_MoaPoint,74864.69343,NA
25/07/2022,Detected,WG_MoaPoint,115461.4203,22EV4601-001-0
26/07/2022,NA,WG_MoaPoint,126464.9463,NA
27/07/2022,Detected,WG_MoaPoint,126173.7029,22EV4674-001-0
28/07/2022,NA,WG_MoaPoint,102749.3115,NA
29/07/2022,Detected,WG_MoaPoint,83215.16946,22EV4751-001-0
30/07/2022,NA,WG_MoaPoint,165573.098,NA
31/07/2022,NA,WG_MoaPoint,152768.8652,NA
1/08/2022,Detected,WG_MoaPoint,NA,22EV4765-001-0
3/08/2022,Detected,WG_MoaPoint,NA,22EV4831-001-0
5/08/2022,Detected,WG_MoaPoint,NA,22EV4916-001-0
8/08/2022,Detected,WG_MoaPoint,NA,22EV4921-001-0
10/08/2022,Detected,WG_MoaPoint,NA,22EV4998-001-0
12/08/2022,Detected,WG_MoaPoint,NA,22EV5061-001-0
15/08/2022,Detected,WG_MoaPoint,NA,22EV5070-001-0
17/08/2022,Detected,WG_MoaPoint,NA,22EV5147-001-0
19/08/2022,Detected,WG_MoaPoint,NA,22EV5204-001-0
22/08/2022,Detected,WG_MoaPoint,NA,22EV5221-001-0
24/08/2022,Detected,WG_MoaPoint,NA,22EV5296-001-0
26/08/2022,Detected,WG_MoaPoint,NA,22EV5361-001-0
29/08/2022,Detected,WG_MoaPoint,NA,22EV5364-001-0
31/08/2022,Detected,WG_MoaPoint,NA,22EV5437-001-0
2/09/2022,Detected,WG_MoaPoint,NA,22EV5497-001-0
5/09/2022,Detected,WG_MoaPoint,NA,22EV5503-001-0
7/09/2022,Detected,WG_MoaPoint,NA,22EV5580-001-0
9/09/2022,Detected,WG_MoaPoint,NA,22EV5658-001-0
12/09/2022,Detected,WG_MoaPoint,NA,22EV5663-001-0
14/09/2022,Detected,WG_MoaPoint,NA,22EV5734-001-0
16/09/2022,Detected,WG_MoaPoint,NA,22EV5794-001-0
19/09/2022,Detected,WG_MoaPoint,NA,22EV5801-001-0
21/09/2022,Detected,WG_MoaPoint,NA,22EV5870-001-0
23/09/2022,Detected,WG_MoaPoint,NA,22EV5944-001-0
27/09/2022,Detected,WG_MoaPoint,NA,22EV5949-001-0
29/09/2022,Detected,WG_MoaPoint,NA,22EV6032-001-0
4/10/2022,Detected,WG_MoaPoint,NA,22EV6100-001-0
6/10/2022,Detected,WG_MoaPoint,NA,22EV6183-001-0
2/01/2022,NA,WG_Seaview,49225.7586,NA
3/01/2022,NA,WG_Seaview,51839.81667,NA
4/01/2022,NA,WG_Seaview,50992.63169,NA
5/01/2022,Not detected,WG_Seaview,51264.47132,22EV0018-001-0
6/01/2022,NA,WG_Seaview,45799.21226,NA
7/01/2022,NA,WG_Seaview,48008.23028,NA
8/01/2022,NA,WG_Seaview,45519.74697,NA
9/01/2022,NA,WG_Seaview,45425.73739,NA
10/01/2022,Not detected,WG_Seaview,50247.85606,22EV0106-001-0
11/01/2022,NA,WG_Seaview,50542.02996,NA
12/01/2022,NA,WG_Seaview,47594.57447,NA
13/01/2022,Detected,WG_Seaview,46082.26198,22EV0224-001-0
14/01/2022,NA,WG_Seaview,48707.82368,NA
15/01/2022,NA,WG_Seaview,46455.63477,NA
16/01/2022,NA,WG_Seaview,47434.29615,NA
17/01/2022,Not detected,WG_Seaview,49075.12309,22EV0277-001-0
18/01/2022,NA,WG_Seaview,45999.87467,NA
19/01/2022,NA,WG_Seaview,48273.27607,NA
20/01/2022,Not detected,WG_Seaview,44184.85217,22EV0393-001-0
21/01/2022,NA,WG_Seaview,47047.02377,NA
22/01/2022,NA,WG_Seaview,45337.21004,NA
23/01/2022,NA,WG_Seaview,45081.45994,NA
24/01/2022,NA,WG_Seaview,47350.57984,NA
25/01/2022,Not detected,WG_Seaview,48036.79005,22EV0470-001-0
26/01/2022,NA,WG_Seaview,47625.97007,NA
27/01/2022,Not detected,WG_Seaview,47152.15987,22EV0589-001-0
28/01/2022,NA,WG_Seaview,46225.01444,NA
29/01/2022,NA,WG_Seaview,43757.66365,NA
30/01/2022,NA,WG_Seaview,47776.74008,NA
31/01/2022,Detected,WG_Seaview,48660.78294,22EV0637-001-0
1/02/2022,NA,WG_Seaview,46929.08202,NA
2/02/2022,NA,WG_Seaview,47605.05106,NA
3/02/2022,Detected,WG_Seaview,44915.77195,22EV0772-001-0
4/02/2022,NA,WG_Seaview,81840.74661,NA
5/02/2022,NA,WG_Seaview,140754.9302,NA
6/02/2022,NA,WG_Seaview,113672.922,NA
7/02/2022,NA,WG_Seaview,70140.81725,NA
8/02/2022,Not detected,WG_Seaview,58541.96757,22EV0828-001-0
9/02/2022,NA,WG_Seaview,60144.65422,NA
10/02/2022,Detected,WG_Seaview,57693.37827,22EV0948-001-0
11/02/2022,NA,WG_Seaview,59971.16348,NA
12/02/2022,NA,WG_Seaview,176851.0048,NA
13/02/2022,NA,WG_Seaview,200337.9749,NA
14/02/2022,Detected,WG_Seaview,135367.7996,22EV1018-001-0
15/02/2022,NA,WG_Seaview,102279.2728,NA
16/02/2022,NA,WG_Seaview,78361.97262,NA
17/02/2022,Detected,WG_Seaview,70717.57714,22EV1156-001-0
18/02/2022,NA,WG_Seaview,65868.81551,NA
19/02/2022,NA,WG_Seaview,87205.32748,NA
20/02/2022,NA,WG_Seaview,117605.0849,NA
21/02/2022,Detected,WG_Seaview,77736.01111,22EV1214-001-0
22/02/2022,NA,WG_Seaview,66116.26991,NA
23/02/2022,NA,WG_Seaview,65191.25428,NA
24/02/2022,Detected,WG_Seaview,59599.65003,22EV1347-001-0
25/02/2022,NA,WG_Seaview,60629.65802,NA
26/02/2022,NA,WG_Seaview,58008.81881,NA
27/02/2022,NA,WG_Seaview,56867.56233,NA
28/02/2022,Detected,WG_Seaview,54230.41567,22EV1388-001-0
1/03/2022,NA,WG_Seaview,52627.21576,NA
2/03/2022,NA,WG_Seaview,51140.94093,NA
3/03/2022,Detected,WG_Seaview,51652.22788,22EV1495-001-0
4/03/2022,NA,WG_Seaview,51196.16217,NA
5/03/2022,NA,WG_Seaview,53997.911,NA
6/03/2022,NA,WG_Seaview,52874.40552,NA
7/03/2022,Detected,WG_Seaview,49542.87836,22EV1565-001-0
8/03/2022,NA,WG_Seaview,50083.50064,NA
9/03/2022,NA,WG_Seaview,49809.52838,NA
10/03/2022,Detected,WG_Seaview,54127.9399,22EV1688-001-0
11/03/2022,NA,WG_Seaview,54732.57028,NA
12/03/2022,NA,WG_Seaview,48797.28944,NA
13/03/2022,NA,WG_Seaview,49462.73593,NA
14/03/2022,Detected,WG_Seaview,49439.1092,22EV1737-001-0
15/03/2022,NA,WG_Seaview,47651.68004,NA
16/03/2022,Detected,WG_Seaview,48178.35913,22EV1813-001-0
17/03/2022,NA,WG_Seaview,47660.73913,NA
18/03/2022,Detected,WG_Seaview,48709.10369,22EV1907-001-0
19/03/2022,NA,WG_Seaview,46832.34246,NA
20/03/2022,NA,WG_Seaview,51542.58321,NA
21/03/2022,Detected,WG_Seaview,51897.68741,22EV1915-001-0
22/03/2022,NA,WG_Seaview,53786.40478,NA
23/03/2022,Detected,WG_Seaview,51249.74694,22EV1987-001-0
24/03/2022,NA,WG_Seaview,82122.70168,NA
25/03/2022,Detected,WG_Seaview,89465.42469,22EV2073-001-0
26/03/2022,NA,WG_Seaview,61937.43966,NA
27/03/2022,NA,WG_Seaview,54009.94791,NA
28/03/2022,Detected,WG_Seaview,51755.80873,22EV2083-001-0
29/03/2022,NA,WG_Seaview,53162.9167,NA
30/03/2022,Detected,WG_Seaview,51729.14853,22EV2152-001-0
31/03/2022,NA,WG_Seaview,52116.38113,NA
1/04/2022,Detected,WG_Seaview,51486.51783,22EV2231-001-0
2/04/2022,NA,WG_Seaview,52675.37999,NA
3/04/2022,NA,WG_Seaview,52470.62696,NA
4/04/2022,Detected,WG_Seaview,54410.59314,22EV2245-001-0
5/04/2022,NA,WG_Seaview,55507.71362,NA
6/04/2022,Detected,WG_Seaview,64040.9487,22EV2317-001-0
7/04/2022,NA,WG_Seaview,56403.72458,NA
8/04/2022,Detected,WG_Seaview,51162.91199,22EV2394-001-0
9/04/2022,NA,WG_Seaview,51654.83756,NA
10/04/2022,NA,WG_Seaview,50139.8791,NA
11/04/2022,Detected,WG_Seaview,49823.2861,22EV2402-001-0
12/04/2022,NA,WG_Seaview,60826.54791,NA
13/04/2022,Detected,WG_Seaview,51931.49323,22EV2470-001-0
14/04/2022,NA,WG_Seaview,48969.92643,NA
15/04/2022,NA,WG_Seaview,46981.44007,NA
16/04/2022,NA,WG_Seaview,45910.38035,NA
17/04/2022,NA,WG_Seaview,46070.43212,NA
18/04/2022,NA,WG_Seaview,50570.9446,NA
19/04/2022,NA,WG_Seaview,48089.17393,NA
20/04/2022,Detected,WG_Seaview,48865.78501,22EV2635-001-0
21/04/2022,NA,WG_Seaview,69771.6102,NA
22/04/2022,Detected,WG_Seaview,56965.81587,22EV2683-001-0
23/04/2022,NA,WG_Seaview,54244.378,NA
24/04/2022,NA,WG_Seaview,50322.35061,NA
25/04/2022,NA,WG_Seaview,53655.48734,NA
26/04/2022,NA,WG_Seaview,49813.29829,NA
27/04/2022,Detected,WG_Seaview,49865.49602,22EV2724-001-0
28/04/2022,NA,WG_Seaview,49276.87539,NA
29/04/2022,Detected,WG_Seaview,47344.6894,22EV2817-001-0
30/04/2022,NA,WG_Seaview,49913.93727,NA
1/05/2022,NA,WG_Seaview,48429.83,NA
2/05/2022,Detected,WG_Seaview,47462.98,22EV2823-001-0
3/05/2022,NA,WG_Seaview,46939.08,NA
4/05/2022,Detected,WG_Seaview,49014.06,22EV2889-001-0
5/05/2022,NA,WG_Seaview,48032.67,NA
6/05/2022,Detected,WG_Seaview,44370.6,22EV2966-001-0
7/05/2022,NA,WG_Seaview,48437.94,NA
8/05/2022,NA,WG_Seaview,48155.81,NA
9/05/2022,Detected,WG_Seaview,63128.67,22EV2977-001-0
10/05/2022,NA,WG_Seaview,55625.94,NA
11/05/2022,Detected,WG_Seaview,51649.21,22EV3052-001-0
12/05/2022,NA,WG_Seaview,48661.31,NA
13/05/2022,Detected,WG_Seaview,47986.8,22EV3127-001-0
14/05/2022,NA,WG_Seaview,56560.07,NA
15/05/2022,NA,WG_Seaview,66039.61,NA
16/05/2022,Detected,WG_Seaview,52455.71,22EV3133-001-0
17/05/2022,NA,WG_Seaview,56248.09,NA
18/05/2022,Detected,WG_Seaview,51546.64,22EV3207-001-0
19/05/2022,NA,WG_Seaview,62659.29,NA
20/05/2022,Detected,WG_Seaview,97328.87,22EV3275-001-0
21/05/2022,NA,WG_Seaview,66179.96,NA
22/05/2022,NA,WG_Seaview,60679.29,NA
23/05/2022,Detected,WG_Seaview,55810.08,22EV3283-001-0
24/05/2022,NA,WG_Seaview,51507.41,NA
25/05/2022,Detected,WG_Seaview,50569.11,22EV3347-001-0
26/05/2022,NA,WG_Seaview,47228.93,NA
27/05/2022,Detected,WG_Seaview,45925.76,22EV3424-001-0
28/05/2022,NA,WG_Seaview,50106.65,NA
29/05/2022,NA,WG_Seaview,51252.83,NA
30/05/2022,Detected,WG_Seaview,80438.89,22EV3429-001-0
31/05/2022,NA,WG_Seaview,81424.38,NA
1/06/2022,Detected,WG_Seaview,111509.09,22EV3503-001-0
2/06/2022,NA,WG_Seaview,108334.23,NA
3/06/2022,Detected,WG_Seaview,76409.59,22EV3564-001-0
4/06/2022,NA,WG_Seaview,66692.26,NA
5/06/2022,NA,WG_Seaview,59885.26,NA
6/06/2022,Detected,WG_Seaview,58884.64,22EV3575-001-0
7/06/2022,NA,WG_Seaview,67060.96,NA
8/06/2022,Detected,WG_Seaview,89053.4,22EV3612-001-0
9/06/2022,NA,WG_Seaview,141136.32,NA
10/06/2022,Detected,WG_Seaview,119599.65,22EV3702-001-0
11/06/2022,NA,WG_Seaview,109891.21,NA
12/06/2022,NA,WG_Seaview,177962.38,NA
13/06/2022,Detected,WG_Seaview,123895.91,22EV3714-001-0
14/06/2022,NA,WG_Seaview,92778.24,NA
15/06/2022,Detected,WG_Seaview,82558.99,22EV3779-001-0
16/06/2022,NA,WG_Seaview,70011.14,NA
17/06/2022,Detected,WG_Seaview,62457.17,22EV3848-001-0
18/06/2022,NA,WG_Seaview,75394.79,NA
19/06/2022,NA,WG_Seaview,74566.94,NA
20/06/2022,Detected,WG_Seaview,72557.25,22EV3856-001-0
21/06/2022,NA,WG_Seaview,67268.25,NA
22/06/2022,Detected,WG_Seaview,60822.74,22EV3927-001-0
23/06/2022,NA,WG_Seaview,62030.51,NA
24/06/2022,Detected,WG_Seaview,59189.54,22EV3978-001-0
25/06/2022,NA,WG_Seaview,61626.8,NA
26/06/2022,NA,WG_Seaview,60147.14,NA
27/06/2022,Detected,WG_Seaview,60242.17,22EV3981-001-0
28/06/2022,NA,WG_Seaview,94398.44,NA
29/06/2022,Detected,WG_Seaview,75415.49,22EV4054-001-0
30/06/2022,NA,WG_Seaview,64311.35,NA
1/07/2022,Detected,WG_Seaview,60327.58,22EV4135-001-0
2/07/2022,NA,WG_Seaview,58371.18,NA
3/07/2022,NA,WG_Seaview,56993.69,NA
4/07/2022,Detected,WG_Seaview,57099.18,22EV4138-001-0
5/07/2022,NA,WG_Seaview,56255.84,NA
6/07/2022,Detected,WG_Seaview,52006.84,22EV4203-001-0
7/07/2022,NA,WG_Seaview,56745.26,NA
8/07/2022,Detected,WG_Seaview,101476.58,22EV4283-001-0
9/07/2022,NA,WG_Seaview,74395.2,NA
10/07/2022,NA,WG_Seaview,70364.39,NA
11/07/2022,Detected,WG_Seaview,79896.68,22EV4294-001-0
12/07/2022,NA,WG_Seaview,154245.58,NA
13/07/2022,Detected,WG_Seaview,98587.2,22EV4364-001-0
14/07/2022,NA,WG_Seaview,79502.06,NA
15/07/2022,Detected,WG_Seaview,74136.02,22EV4448-001-0
16/07/2022,NA,WG_Seaview,69559.41,NA
17/07/2022,NA,WG_Seaview,64363.43,NA
18/07/2022,Detected,WG_Seaview,63721.68,22EV4452-001-0
19/07/2022,NA,WG_Seaview,83692.74,NA
20/07/2022,Detected,WG_Seaview,149509.14,22EV4525-001-0
21/07/2022,NA,WG_Seaview,174194.46,NA
22/07/2022,Detected,WG_Seaview,112619.67,22EV4590-001-0
23/07/2022,NA,WG_Seaview,94825.14,NA
24/07/2022,NA,WG_Seaview,77894.46,NA
25/07/2022,Detected,WG_Seaview,104843.58,22EV4603-001-0
26/07/2022,NA,WG_Seaview,104935.46,NA
27/07/2022,Detected,WG_Seaview,96730.12,22EV4676-001-0
28/07/2022,NA,WG_Seaview,101972.43,NA
29/07/2022,Detected,WG_Seaview,77206.27,22EV4753-001-0
30/07/2022,NA,WG_Seaview,94941.13,NA
31/07/2022,NA,WG_Seaview,127707.95,NA
1/08/2022,Detected,WG_Seaview,NA,22EV4767-001-0
3/08/2022,Detected,WG_Seaview,NA,22EV4833-001-0
5/08/2022,Detected,WG_Seaview,NA,22EV4918-001-0
8/08/2022,Detected,WG_Seaview,NA,22EV4923-001-0
10/08/2022,Detected,WG_Seaview,NA,22EV5000-001-0
12/08/2022,Detected,WG_Seaview,NA,22EV5063-001-0
15/08/2022,Detected,WG_Seaview,NA,22EV5072-001-0
17/08/2022,Detected,WG_Seaview,NA,22EV5149-001-0
19/08/2022,Detected,WG_Seaview,NA,22EV5206-001-0
22/08/2022,Detected,WG_Seaview,NA,22EV5223-001-0
24/08/2022,Detected,WG_Seaview,NA,22EV5298-001-0
26/08/2022,Detected,WG_Seaview,NA,22EV5363-001-0
29/08/2022,Detected,WG_Seaview,NA,22EV5366-001-0
31/08/2022,Detected,WG_Seaview,NA,22EV5439-001-0
2/09/2022,Detected,WG_Seaview,NA,22EV5499-001-0
5/09/2022,Detected,WG_Seaview,NA,22EV5505-001-0
7/09/2022,Detected,WG_Seaview,NA,22EV5582-001-0
9/09/2022,Detected,WG_Seaview,NA,22EV5660-001-0
12/09/2022,Detected,WG_Seaview,NA,22EV5665-001-0
14/09/2022,Detected,WG_Seaview,NA,22EV5736-001-0
16/09/2022,Detected,WG_Seaview,NA,22EV5796-001-0
19/09/2022,Detected,WG_Seaview,NA,22EV5803-001-0
21/09/2022,Detected,WG_Seaview,NA,22EV5872-001-0
23/09/2022,Detected,WG_Seaview,NA,22EV5946-001-0
27/09/2022,Detected,WG_Seaview,NA,22EV5951-001-0
29/09/2022,Detected,WG_Seaview,NA,22EV6034-001-0
4/10/2022,Detected,WG_Seaview,NA,22EV6102-001-0
6/10/2022,Detected,WG_Seaview,NA,22EV6185-001-0
1/01/2022,NA,WG_Porirua,19974.2719,NA
2/01/2022,NA,WG_Porirua,16436.76793,NA
3/01/2022,NA,WG_Porirua,0.500402988,NA
4/01/2022,NA,WG_Porirua,0.301376179,NA
5/01/2022,Not detected,WG_Porirua,0.102349369,22EV0017-001-0
6/01/2022,NA,WG_Porirua,19233.99481,NA
7/01/2022,NA,WG_Porirua,19296.68182,NA
8/01/2022,NA,WG_Porirua,19603.78175,NA
9/01/2022,NA,WG_Porirua,19473.31296,NA
10/01/2022,Not detected,WG_Porirua,20221.1827,22EV0105-001-0
11/01/2022,NA,WG_Porirua,19736.51123,NA
12/01/2022,NA,WG_Porirua,19800.03499,NA
13/01/2022,Not detected,WG_Porirua,19816.57533,22EV0223-001-0
14/01/2022,NA,WG_Porirua,19779.98223,NA
15/01/2022,NA,WG_Porirua,19563.44317,NA
16/01/2022,NA,WG_Porirua,21936.24809,NA
17/01/2022,Not detected,WG_Porirua,19631.13476,22EV0276-001-0
18/01/2022,NA,WG_Porirua,19928.74122,NA
19/01/2022,NA,WG_Porirua,19281.62173,NA
20/01/2022,Not detected,WG_Porirua,19805.01307,22EV0392-001-0
21/01/2022,NA,WG_Porirua,19027.40496,NA
22/01/2022,NA,WG_Porirua,19629.25455,NA
23/01/2022,NA,WG_Porirua,18827.6788,NA
24/01/2022,NA,WG_Porirua,21151.35428,NA
25/01/2022,Detected,WG_Porirua,20010.21643,22EV0469-001-0
26/01/2022,NA,WG_Porirua,19771.48323,NA
27/01/2022,Detected,WG_Porirua,19426.9975,22EV0588-001-0
28/01/2022,NA,WG_Porirua,19332.40815,NA
29/01/2022,NA,WG_Porirua,20340.53244,NA
30/01/2022,NA,WG_Porirua,21591.38223,NA
31/01/2022,Not detected,WG_Porirua,19705.66335,22EV0636-001-0
1/02/2022,NA,WG_Porirua,19980.12977,NA
2/02/2022,NA,WG_Porirua,20124.63475,NA
3/02/2022,Detected,WG_Porirua,19482.30294,22EV0771-001-0
4/02/2022,NA,WG_Porirua,46343.16095,NA
5/02/2022,NA,WG_Porirua,88876.71536,NA
6/02/2022,NA,WG_Porirua,62029.55753,NA
7/02/2022,Not detected,WG_Porirua,32291.33696,22EV0827-001-0
8/02/2022,NA,WG_Porirua,25388.10552,NA
9/02/2022,NA,WG_Porirua,29422.23121,NA
10/02/2022,Detected,WG_Porirua,24289.53704,22EV0947-001-0
11/02/2022,NA,WG_Porirua,26466.0717,NA
12/02/2022,NA,WG_Porirua,85483.45738,NA
13/02/2022,NA,WG_Porirua,92993.19385,NA
14/02/2022,Detected,WG_Porirua,64613.20695,22EV1017-001-0
15/02/2022,NA,WG_Porirua,37381.74921,NA
16/02/2022,NA,WG_Porirua,30250.04417,NA
17/02/2022,Detected,WG_Porirua,28129.98308,22EV1155-001-0
18/02/2022,NA,WG_Porirua,24457.53485,NA
19/02/2022,NA,WG_Porirua,37718.38684,NA
20/02/2022,NA,WG_Porirua,50217.05003,NA
21/02/2022,Detected,WG_Porirua,31280.49562,22EV1213-001-0
22/02/2022,NA,WG_Porirua,26729.68208,NA
23/02/2022,NA,WG_Porirua,23888.96549,NA
24/02/2022,Detected,WG_Porirua,24401.16737,22EV1346-001-0
25/02/2022,NA,WG_Porirua,22686.45446,NA
26/02/2022,NA,WG_Porirua,23606.3379,NA
27/02/2022,NA,WG_Porirua,23807.41843,NA
28/02/2022,Detected,WG_Porirua,23041.25351,22EV1387-001-0
1/03/2022,NA,WG_Porirua,22579.48655,NA
2/03/2022,NA,WG_Porirua,21073.91332,NA
3/03/2022,Detected,WG_Porirua,22461.14026,22EV1494-001-0
4/03/2022,NA,WG_Porirua,20880.24505,NA
5/03/2022,NA,WG_Porirua,21509.73278,NA
6/03/2022,NA,WG_Porirua,23649.64594,NA
7/03/2022,Detected,WG_Porirua,21192.04267,22EV1564-001-0
8/03/2022,NA,WG_Porirua,40406.67479,NA
9/03/2022,NA,WG_Porirua,40334.33967,NA
10/03/2022,Detected,WG_Porirua,40647.39908,22EV1687-001-0
11/03/2022,NA,WG_Porirua,40147.82872,NA
12/03/2022,NA,WG_Porirua,40174.06509,NA
13/03/2022,NA,WG_Porirua,40488.51731,NA
14/03/2022,Detected,WG_Porirua,23158.58588,22EV1736-001-0
15/03/2022,NA,WG_Porirua,20467.7385,NA
16/03/2022,Detected,WG_Porirua,20428.27453,22EV1812-001-0
17/03/2022,NA,WG_Porirua,20950.12867,NA
18/03/2022,Detected,WG_Porirua,33321.10921,22EV1906-001-0
19/03/2022,NA,WG_Porirua,36060.39907,NA
20/03/2022,NA,WG_Porirua,36119.12422,NA
21/03/2022,Detected,WG_Porirua,36039.36851,22EV1914-001-0
22/03/2022,NA,WG_Porirua,36629.94272,NA
23/03/2022,Detected,WG_Porirua,35938.61669,22EV1986-001-0
24/03/2022,NA,WG_Porirua,37996.17802,NA
25/03/2022,Detected,WG_Porirua,36478.09087,22EV2072-001-0
26/03/2022,NA,WG_Porirua,36070.71634,NA
27/03/2022,NA,WG_Porirua,36091.2645,NA
28/03/2022,Detected,WG_Porirua,35982.04521,22EV2082-001-0
29/03/2022,NA,WG_Porirua,35758.26177,NA
30/03/2022,Detected,WG_Porirua,35869.23865,22EV2153-001-0
31/03/2022,NA,WG_Porirua,35768.9998,NA
1/04/2022,Detected,WG_Porirua,19808.88798,22EV2230-001-0
2/04/2022,NA,WG_Porirua,22232.7049,NA
3/04/2022,NA,WG_Porirua,23212.64044,NA
4/04/2022,Detected,WG_Porirua,21199.49543,22EV2244-001-0
5/04/2022,NA,WG_Porirua,22371.85193,NA
6/04/2022,Detected,WG_Porirua,24130.55613,22EV2315-001-0
7/04/2022,NA,WG_Porirua,21331.16709,NA
8/04/2022,Detected,WG_Porirua,20485.55943,22EV2395-001-0
9/04/2022,NA,WG_Porirua,21690.82592,NA
10/04/2022,NA,WG_Porirua,22073.71366,NA
11/04/2022,Detected,WG_Porirua,20420.78416,22EV2401-001-0
12/04/2022,NA,WG_Porirua,23708.57103,NA
13/04/2022,Detected,WG_Porirua,21518.80337,22EV2469-001-0
14/04/2022,NA,WG_Porirua,19757.55392,NA
15/04/2022,NA,WG_Porirua,20762.63442,NA
16/04/2022,NA,WG_Porirua,19033.05964,NA
17/04/2022,NA,WG_Porirua,19552.74947,NA
18/04/2022,NA,WG_Porirua,21151.71121,NA
19/04/2022,NA,WG_Porirua,20059.96031,NA
20/04/2022,Detected,WG_Porirua,20811.3914,22EV2634-001-0
21/04/2022,NA,WG_Porirua,26491.71766,NA
22/04/2022,Detected,WG_Porirua,21332.70172,22EV2682-001-0
23/04/2022,NA,WG_Porirua,21599.26478,NA
24/04/2022,NA,WG_Porirua,20249.70279,NA
25/04/2022,NA,WG_Porirua,21641.92982,NA
26/04/2022,NA,WG_Porirua,20877.60104,NA
27/04/2022,NA,WG_Porirua,21239.79835,NA
28/04/2022,Detected,WG_Porirua,21314.69998,22EV2810-001-0
29/04/2022,Detected,WG_Porirua,19749.58555,22EV2811-001-0
30/04/2022,NA,WG_Porirua,21529.85191,NA
1/05/2022,NA,WG_Porirua,22326.04229,NA
2/05/2022,Detected,WG_Porirua,19814.41772,22EV2822-001-0
3/05/2022,NA,WG_Porirua,20518.73576,NA
4/05/2022,Detected,WG_Porirua,21257.18228,22EV2888-001-0
5/05/2022,NA,WG_Porirua,20509.30576,NA
6/05/2022,Detected,WG_Porirua,19488.14355,22EV2965-001-0
7/05/2022,NA,WG_Porirua,21142.71849,NA
8/05/2022,NA,WG_Porirua,21424.03716,NA
9/05/2022,Detected,WG_Porirua,31094.54719,22EV2979-001-0
10/05/2022,NA,WG_Porirua,23129.99154,NA
11/05/2022,Detected,WG_Porirua,21803.76269,22EV3051-001-0
12/05/2022,NA,WG_Porirua,20986.52097,NA
13/05/2022,Detected,WG_Porirua,19828.75252,22EV3126-001-0
14/05/2022,NA,WG_Porirua,23438.57532,NA
15/05/2022,NA,WG_Porirua,33655.67807,NA
16/05/2022,Detected,WG_Porirua,23267.83644,22EV3132-001-0
17/05/2022,NA,WG_Porirua,23504.99564,NA
18/05/2022,Detected,WG_Porirua,22420.76913,22EV3206-001-0
19/05/2022,NA,WG_Porirua,27991.69708,NA
20/05/2022,Detected,WG_Porirua,33815.4862,22EV3274-001-0
21/05/2022,NA,WG_Porirua,25262.7893,NA
22/05/2022,NA,WG_Porirua,25121.06273,NA
23/05/2022,Detected,WG_Porirua,22321.18181,22EV3282-001-0
24/05/2022,NA,WG_Porirua,21192.57432,NA
25/05/2022,Detected,WG_Porirua,21206.25799,22EV3346-001-0
26/05/2022,NA,WG_Porirua,20648.16576,NA
27/05/2022,Detected,WG_Porirua,19420.43193,22EV3423-001-0
28/05/2022,NA,WG_Porirua,21729.90888,NA
29/05/2022,NA,WG_Porirua,22836.01292,NA
30/05/2022,Detected,WG_Porirua,49619.03374,22EV3428-001-0
31/05/2022,NA,WG_Porirua,37966.87014,NA
1/06/2022,Detected,WG_Porirua,52325,22EV3502-001-0
2/06/2022,NA,WG_Porirua,63161,NA
3/06/2022,Detected,WG_Porirua,34307,22EV3563-001-0
4/06/2022,NA,WG_Porirua,28155,NA
5/06/2022,NA,WG_Porirua,25650,NA
6/06/2022,Detected,WG_Porirua,25422,22EV3574-001-0
7/06/2022,NA,WG_Porirua,28563,NA
8/06/2022,Detected,WG_Porirua,42144,22EV3611-001-0
9/06/2022,NA,WG_Porirua,67902,NA
10/06/2022,Detected,WG_Porirua,51880,22EV3701-001-0
11/06/2022,NA,WG_Porirua,45865,NA
12/06/2022,NA,WG_Porirua,83493,NA
13/06/2022,Detected,WG_Porirua,54396,22EV3713-001-0
14/06/2022,NA,WG_Porirua,34748,NA
15/06/2022,Detected,WG_Porirua,28736,22EV3778-001-0
16/06/2022,NA,WG_Porirua,26704,NA
17/06/2022,Detected,WG_Porirua,23335,22EV3847-001-0
18/06/2022,NA,WG_Porirua,32126,NA
19/06/2022,NA,WG_Porirua,32909,NA
20/06/2022,Detected,WG_Porirua,27596,22EV3855-001-0
21/06/2022,NA,WG_Porirua,25886,NA
22/06/2022,Detected,WG_Porirua,23737,22EV3926-001-0
23/06/2022,NA,WG_Porirua,22866,NA
24/06/2022,Detected,WG_Porirua,22568,22EV3977-001-0
25/06/2022,NA,WG_Porirua,23542,NA
26/06/2022,NA,WG_Porirua,24531,NA
27/06/2022,Detected,WG_Porirua,27118,22EV3980-001-0
28/06/2022,NA,WG_Porirua,52669,NA
29/06/2022,Detected,WG_Porirua,36204,22EV4053-001-0
30/06/2022,NA,WG_Porirua,28562,NA
1/07/2022,Detected,WG_Porirua,25129,22EV4134-001-0
2/07/2022,NA,WG_Porirua,25096,NA
3/07/2022,NA,WG_Porirua,26126,NA
4/07/2022,Detected,WG_Porirua,23056,22EV4137-001-0
5/07/2022,NA,WG_Porirua,25410,NA
6/07/2022,Detected,WG_Porirua,23140,22EV4202-001-0
7/07/2022,NA,WG_Porirua,26477,NA
8/07/2022,Detected,WG_Porirua,61394,22EV4282-001-0
9/07/2022,NA,WG_Porirua,38676,NA
10/07/2022,NA,WG_Porirua,31664,NA
11/07/2022,Detected,WG_Porirua,42678,22EV4293-001-0
12/07/2022,NA,WG_Porirua,76256,NA
13/07/2022,Detected,WG_Porirua,38777,22EV4363-001-0
14/07/2022,NA,WG_Porirua,30994,NA
15/07/2022,Detected,WG_Porirua,30305,22EV4447-001-0
16/07/2022,NA,WG_Porirua,28866,NA
17/07/2022,NA,WG_Porirua,26659,NA
18/07/2022,Detected,WG_Porirua,25346,22EV4451-001-0
19/07/2022,NA,WG_Porirua,47958,NA
20/07/2022,Detected,WG_Porirua,83974,22EV4524-001-0
21/07/2022,NA,WG_Porirua,76703,NA
22/07/2022,Detected,WG_Porirua,41801,22EV4589-001-0
23/07/2022,NA,WG_Porirua,34248,NA
24/07/2022,NA,WG_Porirua,32187,NA
25/07/2022,Detected,WG_Porirua,46959,22EV4602-001-0
26/07/2022,NA,WG_Porirua,53965,NA
27/07/2022,Detected,WG_Porirua,49733,22EV4675-001-0
28/07/2022,NA,WG_Porirua,51757,NA
29/07/2022,Detected,WG_Porirua,33577,22EV4752-001-0
30/07/2022,NA,WG_Porirua,48788,NA
31/07/2022,NA,WG_Porirua,59875,NA
1/08/2022,Detected,WG_Porirua,NA,22EV4766-001-0
3/08/2022,Detected,WG_Porirua,NA,22EV4832-001-0
5/08/2022,Detected,WG_Porirua,NA,22EV4917-001-0
8/08/2022,Detected,WG_Porirua,NA,22EV4922-001-0
10/08/2022,Detected,WG_Porirua,NA,22EV4999-001-0
12/08/2022,Detected,WG_Porirua,NA,22EV5062-001-0
15/08/2022,Detected,WG_Porirua,NA,22EV5071-001-0
17/08/2022,Detected,WG_Porirua,NA,22EV5148-001-0
19/08/2022,Detected,WG_Porirua,NA,22EV5205-001-0
22/08/2022,Detected,WG_Porirua,NA,22EV5222-001-0
24/08/2022,Detected,WG_Porirua,NA,22EV5297-001-0
26/08/2022,Detected,WG_Porirua,NA,22EV5362-001-0
29/08/2022,Detected,WG_Porirua,NA,22EV5365-001-0
31/08/2022,Detected,WG_Porirua,NA,22EV5438-001-0
2/09/2022,Detected,WG_Porirua,NA,22EV5498-001-0
5/09/2022,Detected,WG_Porirua,NA,22EV5504-001-0
7/09/2022,Detected,WG_Porirua,NA,22EV5581-001-0
9/09/2022,Detected,WG_Porirua,NA,22EV5659-001-0
12/09/2022,Detected,WG_Porirua,NA,22EV5664-001-0
14/09/2022,Detected,WG_Porirua,NA,22EV5735-001-0
16/09/2022,Detected,WG_Porirua,NA,22EV5795-001-0
19/09/2022,Detected,WG_Porirua,NA,22EV5802-001-0
21/09/2022,Detected,WG_Porirua,NA,22EV5871-001-0
23/09/2022,Detected,WG_Porirua,NA,22EV5945-001-0
27/09/2022,Detected,WG_Porirua,NA,22EV5950-001-0
29/09/2022,Detected,WG_Porirua,NA,22EV6033-001-0
4/10/2022,Detected,WG_Porirua,NA,22EV6101-001-0
6/10/2022,Detected,WG_Porirua,NA,22EV6184-001-0
5/01/2022,Detected,AU_Rosedale,45030,22EV0069-001-0
10/01/2022,Detected,AU_Rosedale,45363,22EV0169-001-0
17/01/2022,Detected,AU_Rosedale,46544,22EV0312-001-0
24/01/2022,Detected,AU_Rosedale,45860,22EV0455-001-0
26/01/2022,Not detected,AU_Rosedale,45955,22EV0564-001-0
2/02/2022,Detected,AU_Rosedale,45474,22EV0758-001-0
4/02/2022,Detected,AU_Rosedale,47396,22EV0883-001-0
9/02/2022,Detected,AU_Rosedale,52944,22EV0951-001-0
14/02/2022,Detected,AU_Rosedale,48161,22EV1039-001-0
16/02/2022,Detected,AU_Rosedale,48564,22EV1139-001-0
21/02/2022,Detected,AU_Rosedale,50269,22EV1286-001-0
23/02/2022,Detected,AU_Rosedale,48541,22EV1318-001-0
28/02/2022,Detected,AU_Rosedale,49283,22EV1451-001-0
7/03/2022,Detected,AU_Rosedale,48080,22EV1601-001-0
9/03/2022,Detected,AU_Rosedale,47003,22EV1673-001-0
10/03/2022,Detected,AU_Rosedale,47353,22EV1732-001-0
11/03/2022,Detected,AU_Rosedale,46565,22EV1763-001-0
14/03/2022,Detected,AU_Rosedale,47361,22EV1768-001-0
16/03/2022,Detected,AU_Rosedale,45984,22EV1861-001-0
21/03/2022,Detected,AU_Rosedale,54008,22EV1927-001-0
22/03/2022,Detected,AU_Rosedale,146489,22EV2019-001-0
27/03/2022,Detected,AU_Rosedale,52019,22EV2088-001-0
29/03/2022,Detected,AU_Rosedale,50588,22EV2181-001-0
4/04/2022,Detected,AU_Rosedale,50788,22EV2273-001-0
5/04/2022,Detected,AU_Rosedale,49301,22EV2341-001-0
12/04/2022,Detected,AU_Rosedale,49155,22EV2520-001-0
11/04/2022,Detected,AU_Rosedale,50001,22EV2536-001-0
20/04/2022,Detected,AU_Rosedale,58436,22EV2642-001-0
1/05/2022,Detected,AU_Rosedale,49676,22EV2884-001-0
4/05/2022,Detected,AU_Rosedale,48942,22EV2896-001-0
9/05/2022,Detected,AU_Rosedale,49518,22EV3000-001-0
10/05/2022,Detected,AU_Rosedale,51629,22EV3062-001-0
15/05/2022,Detected,AU_Rosedale,49125,22EV3161-001-0
18/05/2022,Detected,AU_Rosedale,49653,22EV3214-001-0
22/05/2022,Detected,AU_Rosedale,54164,22EV3374-001-0
24/05/2022,Detected,AU_Rosedale,52415,22EV3375-001-0
29/05/2022,Detected,AU_Rosedale,51701,22EV3500-001-0
31/05/2022,Detected,AU_Rosedale,75820,22EV3522-001-0
7/06/2022,Detected,AU_Rosedale,108062,22EV3631-001-0
12/06/2022,Detected,AU_Rosedale,86190,22EV3739-001-0
14/06/2022,Detected,AU_Rosedale,101913,22EV3786-001-0
20/06/2022,Detected,AU_Rosedale,62735,22EV3919-001-0
22/06/2022,Detected,AU_Rosedale,55557,22EV3934-001-0
27/06/2022,Detected,AU_Rosedale,61842,22EV4061-001-0
28/06/2022,Detected,AU_Rosedale,58380,22EV4062-001-0
4/07/2022,Detected,AU_Rosedale,56728,22EV4208-001-0
5/07/2022,Detected,AU_Rosedale,54654,22EV4209-001-0
13/07/2022,Detected,AU_Rosedale,164322,22EV4397-001-0
11/07/2022,Detected,AU_Rosedale,68977,22EV4404-001-0
18/07/2022,Detected,AU_Rosedale,66448,22EV4479-001-0
20/07/2022,Detected,AU_Rosedale,82155,22EV4559-001-0
25/07/2022,Detected,AU_Rosedale,83135,22EV4686-001-0
27/07/2022,Detected,AU_Rosedale,140541,22EV4687-001-0
1/08/2022,Detected,AU_Rosedale,73328,22EV4773-001-0
3/08/2022,Detected,AU_Rosedale,61795,22EV4883-001-0
8/08/2022,Detected,AU_Rosedale,127251,22EV4947-001-0
10/08/2022,Detected,AU_Rosedale,107194,22EV5005-001-0
15/08/2022,Detected,AU_Rosedale,60657,22EV5101-001-0
16/08/2022,Detected,AU_Rosedale,58197,22EV5154-001-0
22/08/2022,Detected,AU_Rosedale,71919,22EV5249-001-0
24/08/2022,Detected,AU_Rosedale,69911,22EV5307-001-0
29/08/2022,Detected,AU_Rosedale,64418,22EV5386-001-0
30/08/2022,Detected,AU_Rosedale,59969,22EV5441-001-0
5/09/2022,Detected,AU_Rosedale,55850,22EV5543-001-0
7/09/2022,Detected,AU_Rosedale,65537,22EV5614-001-0
12/09/2022,Detected,AU_Rosedale,86347,22EV5692-001-0
14/09/2022,Detected,AU_Rosedale,71519,22EV5761-001-0
19/09/2022,Detected,AU_Rosedale,57182,22EV5833-001-0
21/09/2022,Detected,AU_Rosedale,56303,22EV5881-001-0
28/09/2022,Detected,AU_Rosedale,52808,22EV5997-001-0
3/10/2022,Detected,AU_Rosedale,98582,22EV6080-001-0
5/10/2022,Detected,AU_Rosedale,64363,22EV6148-001-0
10/10/2022,Received,AU_Rosedale,54609,22EV6271-001-0
12/10/2022,Received,AU_Rosedale,53267,22EV6309-001-0
